dimension,label,review_count,share_pct,negative_count,negative_rate_pct,high_urgency_count,average_rating,actionable_count
context_opportunity,app_reliability,130,17.2,96,73.8,56,1.97,130
context_opportunity,none,424,56.2,62,14.6,34,4.36,0
context_opportunity,zero_surpresa,75,9.9,37,49.3,14,2.73,75
context_opportunity,proactive_care,50,6.6,28,56.0,16,2.9,50
context_opportunity,support_prevention,58,7.7,21,36.2,11,3.43,58
context_opportunity,security_trust,12,1.6,10,83.3,10,2.0,12
context_opportunity,beneficio_contextual,3,0.4,0,0.0,0,4.67,3
context_opportunity,mobility_planner,1,0.1,0,0.0,0,5.0,1
context_opportunity,notification_control,1,0.1,0,0.0,0,3.0,1
journey_moment,uso_do_app,497,65.9,121,24.3,69,3.99,73
journey_moment,acesso,57,7.6,37,64.9,21,2.12,57
journey_moment,manutencao,50,6.6,28,56.0,16,2.9,50
journey_moment,suporte,58,7.7,21,36.2,11,3.43,58
journey_moment,financeiro,20,2.7,14,70.0,4,2.05,20
journey_moment,contrato,37,4.9,13,35.1,4,3.24,37
journey_moment,confianca,12,1.6,10,83.3,10,2.0,12
journey_moment,multas,9,1.2,7,77.8,5,1.67,9
journey_moment,entrega,5,0.7,2,40.0,1,3.6,5
journey_moment,uso_do_carro,4,0.5,1,25.0,0,2.75,4
journey_moment,beneficios,3,0.4,0,0.0,0,4.67,3
journey_moment,relacionamento,1,0.1,0,0.0,0,3.0,1
journey_moment,viagem,1,0.1,0,0.0,0,5.0,1
pain_category,erro_funcional,125,16.6,125,100.0,121,1.6,93
pain_category,friccao_na_jornada,54,7.2,54,100.0,5,1.17,27
pain_category,performance_estabilidade,42,5.6,30,71.4,4,1.83,42
pain_category,disponibilidade,21,2.8,21,100.0,2,1.29,21
pain_category,atendimento,57,7.6,11,19.3,5,3.88,57
pain_category,usabilidade,34,4.5,4,11.8,0,4.53,6
pain_category,seguranca_privacidade,5,0.7,3,60.0,3,2.0,5
pain_category,dados_desatualizados,4,0.5,3,75.0,0,2.0,3
pain_category,funcionalidade_ausente,8,1.1,2,25.0,0,3.25,5
pain_category,notificacao_excessiva,1,0.1,1,100.0,1,1.0,1
pain_category,nenhuma,403,53.4,0,0.0,0,4.75,70
sentiment,negativo,254,33.7,254,100.0,141,1.44,192
sentiment,positivo,436,57.8,0,0.0,0,4.93,92
sentiment,neutro,64,8.5,0,0.0,0,2.92,46
topic,funcionalidade_usabilidade,62,8.2,62,100.0,34,1.31,0
topic,performance_estabilidade,73,9.7,59,80.8,35,1.85,73
topic,acesso_login,57,7.6,37,64.9,21,2.12,57
topic,manutencao_agendamento,50,6.6,28,56.0,16,2.9,50
topic,suporte_atendimento,58,7.7,21,36.2,11,3.43,58
topic,pagamento_financeiro,20,2.7,14,70.0,4,2.05,20
topic,contrato_assinatura,37,4.9,13,35.1,4,3.24,37
topic,seguranca_privacidade,12,1.6,10,83.3,10,2.0,12
topic,multas_condutor,9,1.2,7,77.8,5,1.67,9
topic,entrega_veiculo,5,0.7,2,40.0,1,3.6,5
topic,telemetria_localizacao,4,0.5,1,25.0,0,2.75,4
topic,geral,362,48.0,0,0.0,0,4.89,0
topic,beneficios,3,0.4,0,0.0,0,4.67,3
topic,mobilidade_viagem,1,0.1,0,0.0,0,5.0,1
topic,notificacoes,1,0.1,0,0.0,0,3.0,1
