complaint_id,title,summary,published_at,status,city,state,source_url,data_origin,source,collection_method,normalized_text,sentiment,sentiment_score,sentiment_confidence,voice_signal,topic,journey_moment,pain_category,urgency,product_area,context_opportunity,recommended_action,confidence,matched_signals,analysis_method
258578883,Cobrança indevida de faturas e problemas com mecânica e contrato,Cliente relata cobrança de duas faturas no mesmo mês além de problemas em manutenção e multa.,2026-09-09T13:12:00,Não respondida,São Paulo,SP,https://www.reclameaqui.com.br/localiza-meoo/cobranca-indevida-de-faturas-e-problemas-com-mecanica-e-contrato_iXxt4g2g0_mG3G-O/,EXTERNAL_PUBLIC,RECLAME_AQUI,WEB_RESEARCH_2026-10-02,cobranca indevida de faturas e problemas com mecanica e contrato cliente relata cobranca de duas faturas no mesmo mes alem de problemas em manutencao e multa,negativo,-2,0.7,dor,pagamento_financeiro,financeiro,friccao_na_jornada,media,financeiro,zero_surpresa,Revisar pagamentos e vencimentos,0.74,neg:problema | rating:1 | pagamento_financeiro:cobranca | pagamento_financeiro:fatura | topic:pagamento_financeiro | status:nao respondida | city:sao paulo,reclameaqui-rule-engine-v1
241906933,Cobrança indevida e descumprimento de oferta em contrato de assinatura,Cliente relata valor cobrado diferente da oferta contratada e falta de clareza nos valores do contrato.,2026-02-27T20:49:00,Resolvido,Belo Horizonte,MG,https://www.reclameaqui.com.br/localiza-meoo/cobranca-indevida-e-descumprimento-de-oferta-em-contrato-de-assinatura-de-veiculo-localiza-meoo_fGLFLgtQMjBxqLKX/,EXTERNAL_PUBLIC,RECLAME_AQUI,WEB_RESEARCH_2026-10-02,cobranca indevida e descumprimento de oferta em contrato de assinatura cliente relata valor cobrado diferente da oferta contratada e falta de clareza nos valores do contrato,negativo,-1,0.6,sugestao,contrato_assinatura,contrato,funcionalidade_ausente,media,contrato,zero_surpresa,Ver contrato e próximos eventos,0.64,rating:1 | contrato_assinatura:assinatura | contrato_assinatura:contrato | funcionalidade_ausente:falta | status:resolvido | city:belo horizonte,reclameaqui-rule-engine-v1
258213009,Cobrança indevida e descumprimento de acordo pela Localiza Meoo,Cliente relata cobrança de quilometragem após acordo para aumento da franquia e expectativa de cancelamento da cobrança anterior.,2026-09-04T10:52:00,Não respondida,Monte Carmelo,MG,https://www.reclameaqui.com.br/localiza-meoo/cobranca-indevida-e-descumprimento-de-acordo-pela-localiza-meoo_fCBdCQV8RqfvCOhk/,EXTERNAL_PUBLIC,RECLAME_AQUI,WEB_RESEARCH_2026-10-02,cobranca indevida e descumprimento de acordo pela localiza meoo cliente relata cobranca de quilometragem apos acordo para aumento da franquia e expectativa de cancelamento da cobranca anterior,negativo,-1,0.6,dor,pagamento_financeiro,financeiro,friccao_na_jornada,media,financeiro,zero_surpresa,Revisar pagamentos e vencimentos,0.64,rating:1 | pagamento_financeiro:cobranca | topic:pagamento_financeiro | status:nao respondida | city:monte carmelo,reclameaqui-rule-engine-v1
257297789,Cobrança indevida e falta de informação sobre recursos do veículo,Cliente relata cobrança acima do esperado após entrega e falta de informação sobre recurso do veículo antes da contratação.,2026-08-25T07:27:00,Não respondida,Armação dos Búzios,RJ,https://www.reclameaqui.com.br/localiza-meoo/cobranca-indevida-e-falta-de-informacao-sobre-recursos-do-veiculo_M4rgBkxHmcLHfFl9/,EXTERNAL_PUBLIC,RECLAME_AQUI,WEB_RESEARCH_2026-10-02,cobranca indevida e falta de informacao sobre recursos do veiculo cliente relata cobranca acima do esperado apos entrega e falta de informacao sobre recurso do veiculo antes da contratacao,negativo,-1,0.6,sugestao,pagamento_financeiro,financeiro,funcionalidade_ausente,media,financeiro,zero_surpresa,Revisar pagamentos e vencimentos,0.64,rating:1 | pagamento_financeiro:cobranca | funcionalidade_ausente:falta | status:nao respondida | city:armacao dos buzios,reclameaqui-rule-engine-v1
238398005,Cobrança indevida e interpretação conflitante de cláusula contratual,Cliente relata divergência na interpretação de cláusula de reajuste e cobrança antes do período que considerava correto.,2026-01-21T16:11:00,Resolvido,Ribeirão Preto,SP,https://www.reclameaqui.com.br/localiza-meoo/cobranca-indevida-e-interpretacao-conflitante-de-clausula-contratual-no-aluguel-de-veiculo_9tQfvIgJz0TFt8Gl/,EXTERNAL_PUBLIC,RECLAME_AQUI,WEB_RESEARCH_2026-10-02,cobranca indevida e interpretacao conflitante de clausula contratual cliente relata divergencia na interpretacao de clausula de reajuste e cobranca antes do periodo que considerava correto,negativo,-1,0.6,dor,pagamento_financeiro,financeiro,friccao_na_jornada,media,financeiro,zero_surpresa,Revisar pagamentos e vencimentos,0.64,rating:1 | pagamento_financeiro:cobranca | topic:pagamento_financeiro | status:resolvido | city:ribeirao preto,reclameaqui-rule-engine-v1
258288911,Contestação de cobrança e falta de clareza sobre km excedente,Cliente contesta cobrança de quilometragem excedente e relata mudanças de orientação durante as tentativas de solução.,2026-09-05T10:36:00,Não respondida,Belo Horizonte,MG,https://www.reclameaqui.com.br/localiza-meoo/absurdo-cobranca-indevida-propaganda-enganosa-abuso-do-consumidor_OHtNIwIDHCEWUQXh/,EXTERNAL_PUBLIC,RECLAME_AQUI,WEB_RESEARCH_2026-10-02,contestacao de cobranca e falta de clareza sobre km excedente cliente contesta cobranca de quilometragem excedente e relata mudancas de orientacao durante as tentativas de solucao,negativo,-1,0.6,sugestao,telemetria_localizacao,uso_do_carro,funcionalidade_ausente,media,telemetria,zero_surpresa,Ver status do carro e uso,0.64,rating:1 | telemetria_localizacao:quilometragem | telemetria_localizacao:km | funcionalidade_ausente:falta | status:nao respondida | city:belo horizonte,reclameaqui-rule-engine-v1
256230795,Cobrança indevida por quilômetros excedidos após acordo,"Cliente relata cobrança de quilometragem que, segundo seu relato, deveria ter sido compensada após acordo.",2026-08-11T22:22:00,Resolvido,Itajubá,MG,https://www.reclameaqui.com.br/localiza-meoo/cobranca-indevida-por-quilometros-excedidos-que-deveriam-ser-compensados-conforme-acordo_IzjB9f2wjPnOl78_/,EXTERNAL_PUBLIC,RECLAME_AQUI,WEB_RESEARCH_2026-10-02,cobranca indevida por quilometros excedidos apos acordo cliente relata cobranca de quilometragem que segundo seu relato deveria ter sido compensada apos acordo,negativo,-1,0.6,sugestao,pagamento_financeiro,financeiro,funcionalidade_ausente,media,financeiro,zero_surpresa,Revisar pagamentos e vencimentos,0.64,rating:1 | pagamento_financeiro:cobranca | funcionalidade_ausente:deveria ter | status:resolvido | city:itajuba,reclameaqui-rule-engine-v1
257254145,Cobrança indevida de multa e falta de suporte para comprovação,Cliente relata dificuldade para acessar informações de multa e pede apoio com telemetria para contestar a ocorrência.,2026-08-24T16:31:00,Não respondida,São Paulo,SP,https://www.reclameaqui.com.br/localiza-meoo/cobranca-indevida-de-multa-e-falta-de-suporte-da-meoo-para-comprovacao_vJ9qcLwXjNl128LG/,EXTERNAL_PUBLIC,RECLAME_AQUI,WEB_RESEARCH_2026-10-02,cobranca indevida de multa e falta de suporte para comprovacao cliente relata dificuldade para acessar informacoes de multa e pede apoio com telemetria para contestar a ocorrencia,negativo,-1,0.6,sugestao,pagamento_financeiro,financeiro,atendimento,media,financeiro,zero_surpresa,Revisar pagamentos e vencimentos,0.64,rating:1 | pagamento_financeiro:cobranca | atendimento:suporte | status:nao respondida | city:sao paulo,reclameaqui-rule-engine-v1
258735027,Cobrança indevida de quilometragem extra após alteração de plano,Cliente relata cobrança por quilômetros que considera já pagos ou disponíveis no saldo global do contrato.,2026-09-10T19:43:00,Não respondida,Brasília,DF,https://www.reclameaqui.com.br/localiza-meoo/cobranca-indevida-de-quilometragem-extra-em-aluguel-de-carro-apos-termino-de-fidelidade_KNvp2FNyj6OP74HK/,EXTERNAL_PUBLIC,RECLAME_AQUI,WEB_RESEARCH_2026-10-02,cobranca indevida de quilometragem extra apos alteracao de plano cliente relata cobranca por quilometros que considera ja pagos ou disponiveis no saldo global do contrato,negativo,-1,0.6,dor,pagamento_financeiro,financeiro,friccao_na_jornada,media,financeiro,zero_surpresa,Revisar pagamentos e vencimentos,0.64,rating:1 | pagamento_financeiro:cobranca | topic:pagamento_financeiro | status:nao respondida | city:brasilia,reclameaqui-rule-engine-v1
258691959,Contestação de cobrança antecipada de km excedente,Cliente contesta cobrança de km excedente durante o contrato e cita divergência sobre o momento de apuração da franquia global.,2026-09-10T13:30:00,Não respondida,Belo Horizonte,MG,https://www.reclameaqui.com.br/localiza-meoo/contestacao-de-cobranca-a-usurpa-antecipada-de-km-excedente-contraria-ao-contrato_xbOwcDy58xEBgl4N/,EXTERNAL_PUBLIC,RECLAME_AQUI,WEB_RESEARCH_2026-10-02,contestacao de cobranca antecipada de km excedente cliente contesta cobranca de km excedente durante o contrato e cita divergencia sobre o momento de apuracao da franquia global,negativo,-1,0.6,dor,pagamento_financeiro,financeiro,friccao_na_jornada,media,financeiro,zero_surpresa,Revisar pagamentos e vencimentos,0.64,rating:1 | pagamento_financeiro:cobranca | topic:pagamento_financeiro | status:nao respondida | city:belo horizonte,reclameaqui-rule-engine-v1
260272319,Localiza está me cobrando km excedente indevidamente no meio do contrato,Cliente relata cobrança por km excedente antes do encerramento do contrato e solicita cancelamento da cobrança.,2026-09-28T17:15:00,Não respondida,São Paulo,SP,https://www.reclameaqui.com.br/localiza-meoo/localiza-esta-me-cobrando-km-excedente-indevidamente-no-meio-do-contrato_X9vvRi88a9CANZTb/,EXTERNAL_PUBLIC,RECLAME_AQUI,WEB_RESEARCH_2026-10-02,localiza esta me cobrando km excedente indevidamente no meio do contrato cliente relata cobranca por km excedente antes do encerramento do contrato e solicita cancelamento da cobranca,negativo,-1,0.6,dor,contrato_assinatura,contrato,friccao_na_jornada,media,contrato,zero_surpresa,Ver contrato e próximos eventos,0.64,rating:1 | contrato_assinatura:cancelamento | contrato_assinatura:contrato | topic:contrato_assinatura | status:nao respondida | city:sao paulo,reclameaqui-rule-engine-v1
245725971,Carro retido em pátio sem previsão de reparo e recusa de carro reserva,"Cliente relata veículo parado após sinistro, ausência de atualização e dificuldade para obter carro reserva.",2026-04-10T15:17:00,Resolvido,São José dos Pinhais,PR,https://www.reclameaqui.com.br/localiza-meoo/contrato-localiza-meoo-carro-retido-em-patio-por-13-dias-sem-previsao-de-reparo-e-recusa-de-carro-reserva_YfYP6HkV1zk46oYL/,EXTERNAL_PUBLIC,RECLAME_AQUI,WEB_RESEARCH_2026-10-02,carro retido em patio sem previsao de reparo e recusa de carro reserva cliente relata veiculo parado apos sinistro ausencia de atualizacao e dificuldade para obter carro reserva,negativo,-1,0.6,dor,manutencao_agendamento,manutencao,performance_estabilidade,media,manutencao,proactive_care,Agendar revisão,0.64,rating:1 | manutencao_agendamento:revisao | performance_estabilidade:atualizacao | status:resolvido | city:sao jose dos pinhais,reclameaqui-rule-engine-v1
246042471,Cobrança de km excedente após acordo,Cliente relata nova cobrança após acordo para alterar quilometragem e informa que a fatura foi posteriormente cancelada.,2026-04-14T15:59:00,Resolvido,Ferraz de Vasconcelos,SP,https://www.reclameaqui.com.br/localiza-meoo/cobranca-de-km-excedente-apos-acordo_Yr-_9UvPc7SswUKP/,EXTERNAL_PUBLIC,RECLAME_AQUI,WEB_RESEARCH_2026-10-02,cobranca de km excedente apos acordo cliente relata nova cobranca apos acordo para alterar quilometragem e informa que a fatura foi posteriormente cancelada,negativo,-1,0.6,dor,pagamento_financeiro,financeiro,friccao_na_jornada,media,financeiro,zero_surpresa,Revisar pagamentos e vencimentos,0.64,rating:1 | pagamento_financeiro:cobranca | pagamento_financeiro:fatura | topic:pagamento_financeiro | status:resolvido | city:ferraz de vasconcelos,reclameaqui-rule-engine-v1
259870039,Cobrança provisória de km excedente antes do fim do contrato,Cliente relata cobrança durante o contrato e questiona tratamento provisório da cobrança e posterior devolução.,2026-09-23T15:11:00,Respondida,São Paulo,SP,https://www.reclameaqui.com.br/localiza-meoo/cobranca-provisoria-de-km-excedente-antes-do-fim-do-contrato_HH86wcSXdJP1Tzn3/,EXTERNAL_PUBLIC,RECLAME_AQUI,WEB_RESEARCH_2026-10-02,cobranca provisoria de km excedente antes do fim do contrato cliente relata cobranca durante o contrato e questiona tratamento provisorio da cobranca e posterior devolucao,negativo,-1,0.6,dor,pagamento_financeiro,financeiro,friccao_na_jornada,media,financeiro,zero_surpresa,Revisar pagamentos e vencimentos,0.64,rating:1 | pagamento_financeiro:cobranca | topic:pagamento_financeiro | status:respondida | city:sao paulo,reclameaqui-rule-engine-v1
260486205,Carro retido após pneu furado sem previsão clara,"Cliente relata atraso no guincho, falhas de comunicação e ausência de prazo claro para reparo após um pneu furado.",2026-09-30T17:44:00,Em réplica,Rio de Janeiro,RJ,https://www.reclameaqui.com.br/localiza-meoo/carro-retido-ha-mais-de-24h-por-um-pneu-furado-com-informacoes-e-prazo-de-72h-inventado_A4qAFbxHqRiijTPS/,EXTERNAL_PUBLIC,RECLAME_AQUI,WEB_RESEARCH_2026-10-02,carro retido apos pneu furado sem previsao clara cliente relata atraso no guincho falhas de comunicacao e ausencia de prazo claro para reparo apos um pneu furado,negativo,-2,0.7,dor,manutencao_agendamento,manutencao,friccao_na_jornada,media,manutencao,proactive_care,Agendar revisão,0.74,neg:falha | rating:1 | manutencao_agendamento:revisao | manutencao_agendamento:pneu | topic:manutencao_agendamento | status:em replica | city:rio de janeiro,reclameaqui-rule-engine-v1
