dimension,label,complaint_count,share_pct
topic,acesso_login,1,0.3
topic,beneficios,2,0.5
topic,contrato_assinatura,135,35.6
topic,entrega_veiculo,2,0.5
topic,geral,44,11.6
topic,manutencao_agendamento,45,11.9
topic,multas_condutor,11,2.9
topic,notificacoes,1,0.3
topic,pagamento_financeiro,102,26.9
topic,performance_estabilidade,4,1.1
topic,seguranca_privacidade,3,0.8
topic,suporte_atendimento,20,5.3
topic,telemetria_localizacao,9,2.4
journey_moment,acesso,1,0.3
journey_moment,beneficios,2,0.5
journey_moment,confianca,3,0.8
journey_moment,contrato,135,35.6
journey_moment,entrega,2,0.5
journey_moment,financeiro,102,26.9
journey_moment,manutencao,45,11.9
journey_moment,multas,11,2.9
journey_moment,relacionamento,1,0.3
journey_moment,suporte,20,5.3
journey_moment,uso_do_app,48,12.7
journey_moment,uso_do_carro,9,2.4
pain_category,atendimento,35,9.2
pain_category,disponibilidade,1,0.3
pain_category,erro_funcional,37,9.8
pain_category,friccao_na_jornada,240,63.3
pain_category,funcionalidade_ausente,18,4.7
pain_category,nenhuma,30,7.9
pain_category,performance_estabilidade,13,3.4
pain_category,seguranca_privacidade,3,0.8
pain_category,usabilidade,2,0.5
context_opportunity,app_reliability,5,1.3
context_opportunity,beneficio_contextual,2,0.5
context_opportunity,none,44,11.6
context_opportunity,notification_control,1,0.3
context_opportunity,proactive_care,45,11.9
context_opportunity,security_trust,3,0.8
context_opportunity,support_prevention,20,5.3
context_opportunity,zero_surpresa,259,68.3
status,ANSWERED,147,38.8
status,NOT_SOLVED,19,5.0
status,PENDING,113,29.8
status,SOLVED,100,26.4
