complaint_id,title,summary,status,solved,city,state,published_at,source_url,company_id,company_name,company_shortname,data_origin,collection_method
0,A0,,,,,,2026-10-02T00:00:00,https://www.reclameaqui.com.br/empresa/localiza-meoo/lista-reclamacoes/?complaint_id=0,,,,EXTERNAL_PUBLIC,RECLAME_AQUI_PUBLIC_BFF
1,A1,,,,,,2026-10-02T00:00:00,https://www.reclameaqui.com.br/empresa/localiza-meoo/lista-reclamacoes/?complaint_id=1,,,,EXTERNAL_PUBLIC,RECLAME_AQUI_PUBLIC_BFF
2,A2,,,,,,2026-10-02T00:00:00,https://www.reclameaqui.com.br/empresa/localiza-meoo/lista-reclamacoes/?complaint_id=2,,,,EXTERNAL_PUBLIC,RECLAME_AQUI_PUBLIC_BFF
3,A3,,,,,,2026-10-02T00:00:00,https://www.reclameaqui.com.br/empresa/localiza-meoo/lista-reclamacoes/?complaint_id=3,,,,EXTERNAL_PUBLIC,RECLAME_AQUI_PUBLIC_BFF
4,A4,,,,,,2026-10-02T00:00:00,https://www.reclameaqui.com.br/empresa/localiza-meoo/lista-reclamacoes/?complaint_id=4,,,,EXTERNAL_PUBLIC,RECLAME_AQUI_PUBLIC_BFF
5,A5,,,,,,2026-10-02T00:00:00,https://www.reclameaqui.com.br/empresa/localiza-meoo/lista-reclamacoes/?complaint_id=5,,,,EXTERNAL_PUBLIC,RECLAME_AQUI_PUBLIC_BFF
6,A6,,,,,,2026-10-02T00:00:00,https://www.reclameaqui.com.br/empresa/localiza-meoo/lista-reclamacoes/?complaint_id=6,,,,EXTERNAL_PUBLIC,RECLAME_AQUI_PUBLIC_BFF
7,A7,,,,,,2026-10-02T00:00:00,https://www.reclameaqui.com.br/empresa/localiza-meoo/lista-reclamacoes/?complaint_id=7,,,,EXTERNAL_PUBLIC,RECLAME_AQUI_PUBLIC_BFF
8,A8,,,,,,2026-10-02T00:00:00,https://www.reclameaqui.com.br/empresa/localiza-meoo/lista-reclamacoes/?complaint_id=8,,,,EXTERNAL_PUBLIC,RECLAME_AQUI_PUBLIC_BFF
9,A9,,,,,,2026-10-02T00:00:00,https://www.reclameaqui.com.br/empresa/localiza-meoo/lista-reclamacoes/?complaint_id=9,,,,EXTERNAL_PUBLIC,RECLAME_AQUI_PUBLIC_BFF
10,B0,,,,,,2026-10-01T00:00:00,https://www.reclameaqui.com.br/empresa/localiza-meoo/lista-reclamacoes/?complaint_id=10,,,,EXTERNAL_PUBLIC,RECLAME_AQUI_PUBLIC_BFF
11,B1,,,,,,2026-10-01T00:00:00,https://www.reclameaqui.com.br/empresa/localiza-meoo/lista-reclamacoes/?complaint_id=11,,,,EXTERNAL_PUBLIC,RECLAME_AQUI_PUBLIC_BFF
12,B2,,,,,,2026-10-01T00:00:00,https://www.reclameaqui.com.br/empresa/localiza-meoo/lista-reclamacoes/?complaint_id=12,,,,EXTERNAL_PUBLIC,RECLAME_AQUI_PUBLIC_BFF
13,B3,,,,,,2026-10-01T00:00:00,https://www.reclameaqui.com.br/empresa/localiza-meoo/lista-reclamacoes/?complaint_id=13,,,,EXTERNAL_PUBLIC,RECLAME_AQUI_PUBLIC_BFF
14,B4,,,,,,2026-10-01T00:00:00,https://www.reclameaqui.com.br/empresa/localiza-meoo/lista-reclamacoes/?complaint_id=14,,,,EXTERNAL_PUBLIC,RECLAME_AQUI_PUBLIC_BFF
15,B5,,,,,,2026-10-01T00:00:00,https://www.reclameaqui.com.br/empresa/localiza-meoo/lista-reclamacoes/?complaint_id=15,,,,EXTERNAL_PUBLIC,RECLAME_AQUI_PUBLIC_BFF
16,B6,,,,,,2026-10-01T00:00:00,https://www.reclameaqui.com.br/empresa/localiza-meoo/lista-reclamacoes/?complaint_id=16,,,,EXTERNAL_PUBLIC,RECLAME_AQUI_PUBLIC_BFF
17,B7,,,,,,2026-10-01T00:00:00,https://www.reclameaqui.com.br/empresa/localiza-meoo/lista-reclamacoes/?complaint_id=17,,,,EXTERNAL_PUBLIC,RECLAME_AQUI_PUBLIC_BFF
18,B8,,,,,,2026-10-01T00:00:00,https://www.reclameaqui.com.br/empresa/localiza-meoo/lista-reclamacoes/?complaint_id=18,,,,EXTERNAL_PUBLIC,RECLAME_AQUI_PUBLIC_BFF
19,B9,,,,,,2026-10-01T00:00:00,https://www.reclameaqui.com.br/empresa/localiza-meoo/lista-reclamacoes/?complaint_id=19,,,,EXTERNAL_PUBLIC,RECLAME_AQUI_PUBLIC_BFF
