contract_id,customer_id,vehicle_id,data_origin,start_date,end_date,duration_months,monthly_km_allowance,monthly_fee_brl,status,months_remaining,renewal_date,renewal_history,auto_renew_preference
CONTR0001,CUST0001,VEH0001,SYNTHETIC,2025-01-30,2028-01-31,36,1500,3150,active,16.0,2028-01-31,multiple,False
CONTR0002,CUST0002,VEH0002,SYNTHETIC,2023-09-27,2026-09-27,36,800,3400,ended,0,2026-09-27,once,False
CONTR0003,CUST0003,VEH0003,SYNTHETIC,2026-02-27,2028-02-28,24,800,3550,active,16.9,2028-02-28,multiple,True
CONTR0004,CUST0004,VEH0004,SYNTHETIC,2026-11-21,2027-11-21,12,1200,2700,active,13.7,2027-11-21,multiple,False
CONTR0005,CUST0005,VEH0005,SYNTHETIC,2026-01-21,2028-01-22,24,2000,3500,active,15.7,2028-01-22,once,True
CONTR0006,CUST0006,VEH0006,SYNTHETIC,2025-08-13,2027-08-14,24,1500,3050,active,10.4,2027-08-14,once,True
CONTR0007,CUST0007,VEH0007,SYNTHETIC,2025-12-26,2027-12-27,24,1200,3650,active,14.8,2027-12-27,never,True
CONTR0008,CUST0008,VEH0008,SYNTHETIC,2026-02-24,2028-02-25,24,1500,2850,active,16.8,2028-02-25,never,False
CONTR0009,CUST0009,VEH0009,SYNTHETIC,2024-11-08,2027-11-09,36,3000,2800,active,13.3,2027-11-09,never,False
CONTR0010,CUST0010,VEH0010,SYNTHETIC,2027-01-20,2028-01-20,12,3000,2600,active,15.6,2028-01-20,multiple,True
CONTR0011,CUST0011,VEH0011,SYNTHETIC,2026-06-25,2027-06-25,12,1000,2950,active,8.8,2027-06-25,once,False
CONTR0012,CUST0012,VEH0012,SYNTHETIC,2024-11-18,2026-11-19,24,800,3050,active,1.6,2026-11-19,multiple,True
CONTR0013,CUST0013,VEH0013,SYNTHETIC,2026-07-28,2027-07-28,12,3000,3000,active,9.9,2027-07-28,never,True
CONTR0014,CUST0014,VEH0014,SYNTHETIC,2024-12-02,2026-12-03,24,1800,2500,active,2.1,2026-12-03,never,True
CONTR0015,CUST0015,VEH0015,SYNTHETIC,2023-04-20,2026-04-20,36,1500,3000,ended,0,2026-04-20,once,False
CONTR0016,CUST0016,VEH0016,SYNTHETIC,2024-06-11,2026-06-12,24,800,1950,ended,0,2026-06-12,never,False
CONTR0017,CUST0017,VEH0017,SYNTHETIC,2024-12-05,2026-12-06,24,1000,2800,active,2.2,2026-12-06,multiple,True
CONTR0018,CUST0018,VEH0018,SYNTHETIC,2026-01-09,2028-01-10,24,1200,2750,active,15.3,2028-01-10,once,True
CONTR0019,CUST0019,VEH0019,SYNTHETIC,2025-09-12,2027-09-13,24,2500,3250,active,11.4,2027-09-13,never,False
CONTR0020,CUST0020,VEH0020,SYNTHETIC,2026-04-15,2027-04-15,12,2500,2800,active,6.4,2027-04-15,never,False
CONTR0021,CUST0021,VEH0021,SYNTHETIC,2024-06-11,2027-06-12,36,1000,2950,active,8.3,2027-06-12,never,True
CONTR0022,CUST0022,VEH0022,SYNTHETIC,2024-06-13,2027-06-14,36,1200,3950,active,8.4,2027-06-14,never,False
CONTR0023,CUST0023,VEH0023,SYNTHETIC,2025-01-15,2028-01-16,36,2500,3800,active,15.5,2028-01-16,multiple,True
CONTR0024,CUST0024,VEH0024,SYNTHETIC,2024-04-13,2027-04-14,36,2000,3700,active,6.4,2027-04-14,never,True
CONTR0025,CUST0025,VEH0025,SYNTHETIC,2025-05-15,2027-05-16,24,2000,2950,active,7.5,2027-05-16,multiple,True
CONTR0026,CUST0026,VEH0026,SYNTHETIC,2025-07-03,2027-07-04,24,1500,2750,active,9.1,2027-07-04,multiple,False
CONTR0027,CUST0027,VEH0027,SYNTHETIC,2024-02-25,2027-02-25,36,2000,3750,active,4.8,2027-02-25,never,False
CONTR0028,CUST0028,VEH0028,SYNTHETIC,2025-12-02,2026-12-02,12,3000,3150,active,2.0,2026-12-02,never,False
CONTR0029,CUST0029,VEH0029,SYNTHETIC,2025-05-15,2027-05-16,24,3000,3500,active,7.5,2027-05-16,never,False
CONTR0030,CUST0030,VEH0030,SYNTHETIC,2024-03-21,2027-03-22,36,1200,3800,active,5.7,2027-03-22,once,True
CONTR0031,CUST0031,VEH0031,SYNTHETIC,2024-11-19,2026-11-20,24,2000,2850,active,1.6,2026-11-20,multiple,True
CONTR0032,CUST0032,VEH0032,SYNTHETIC,2023-07-08,2026-07-08,36,1200,3300,ended,0,2026-07-08,once,True
CONTR0033,CUST0033,VEH0033,SYNTHETIC,2027-01-20,2028-01-20,12,1800,2900,active,15.6,2028-01-20,once,False
CONTR0034,CUST0034,VEH0034,SYNTHETIC,2026-05-24,2027-05-24,12,1800,3600,active,7.7,2027-05-24,never,True
CONTR0035,CUST0035,VEH0035,SYNTHETIC,2026-02-18,2027-02-18,12,2000,2850,active,4.6,2027-02-18,multiple,False
CONTR0036,CUST0036,VEH0036,SYNTHETIC,2025-07-07,2027-07-08,24,1500,2850,active,9.2,2027-07-08,once,True
CONTR0037,CUST0037,VEH0037,SYNTHETIC,2024-02-18,2027-02-18,36,1500,2650,active,4.6,2027-02-18,once,False
CONTR0038,CUST0038,VEH0038,SYNTHETIC,2024-12-05,2026-12-06,24,1500,2900,active,2.2,2026-12-06,multiple,True
CONTR0039,CUST0039,VEH0039,SYNTHETIC,2023-04-12,2026-04-12,36,1000,3000,ended,0,2026-04-12,never,True
CONTR0040,CUST0040,VEH0040,SYNTHETIC,2023-10-20,2026-10-20,36,2000,2950,active,0.6,2026-10-20,multiple,True
CONTR0041,CUST0041,VEH0041,SYNTHETIC,2026-05-12,2027-05-12,12,2000,2500,active,7.3,2027-05-12,multiple,False
CONTR0042,CUST0042,VEH0042,SYNTHETIC,2024-03-10,2027-03-11,36,3000,2800,active,5.3,2027-03-11,never,True
CONTR0043,CUST0043,VEH0043,SYNTHETIC,2024-02-04,2027-02-04,36,2000,2000,active,4.1,2027-02-04,never,False
CONTR0044,CUST0044,VEH0044,SYNTHETIC,2025-01-07,2028-01-08,36,800,2650,active,15.2,2028-01-08,never,False
CONTR0045,CUST0045,VEH0045,SYNTHETIC,2025-01-07,2028-01-08,36,2500,2800,active,15.2,2028-01-08,once,True
CONTR0046,CUST0046,VEH0046,SYNTHETIC,2023-10-29,2026-10-29,36,2500,3300,active,0.9,2026-10-29,never,True
CONTR0047,CUST0047,VEH0047,SYNTHETIC,2025-02-18,2027-02-19,24,1200,2800,active,4.6,2027-02-19,never,False
CONTR0048,CUST0048,VEH0048,SYNTHETIC,2025-10-26,2027-10-27,24,1800,2850,active,12.8,2027-10-27,once,False
CONTR0049,CUST0049,VEH0049,SYNTHETIC,2024-01-09,2027-01-09,36,1800,4100,active,3.3,2027-01-09,never,False
CONTR0050,CUST0050,VEH0050,SYNTHETIC,2026-02-03,2028-02-04,24,1800,3800,active,16.1,2028-02-04,never,True
CONTR0051,CUST0051,VEH0051,SYNTHETIC,2024-11-24,2027-11-25,36,1500,3750,active,13.8,2027-11-25,once,True
CONTR0052,CUST0052,VEH0052,SYNTHETIC,2024-07-14,2026-07-15,24,1200,2950,ended,0,2026-07-15,never,True
CONTR0053,CUST0053,VEH0053,SYNTHETIC,2023-06-03,2026-06-03,36,1000,2900,ended,0,2026-06-03,once,True
CONTR0054,CUST0054,VEH0054,SYNTHETIC,2024-01-25,2027-01-25,36,800,3900,active,3.8,2027-01-25,never,False
CONTR0055,CUST0055,VEH0055,SYNTHETIC,2024-07-26,2027-07-27,36,1800,3100,active,9.8,2027-07-27,once,True
CONTR0056,CUST0056,VEH0056,SYNTHETIC,2025-02-22,2028-02-23,36,1500,3250,active,16.8,2028-02-23,once,False
CONTR0057,CUST0057,VEH0057,SYNTHETIC,2024-12-13,2026-12-14,24,800,3750,active,2.4,2026-12-14,multiple,False
CONTR0058,CUST0058,VEH0058,SYNTHETIC,2024-04-06,2027-04-07,36,1500,2800,active,6.2,2027-04-07,never,True
CONTR0059,CUST0059,VEH0059,SYNTHETIC,2027-01-18,2028-01-18,12,1800,3350,active,15.6,2028-01-18,multiple,True
CONTR0060,CUST0060,VEH0060,SYNTHETIC,2024-10-17,2027-10-18,36,3000,2900,active,12.5,2027-10-18,once,True
CONTR0061,CUST0061,VEH0061,SYNTHETIC,2023-07-27,2026-07-27,36,800,3650,ended,0,2026-07-27,once,True
CONTR0062,CUST0062,VEH0062,SYNTHETIC,2024-07-03,2027-07-04,36,800,2850,active,9.1,2027-07-04,never,True
CONTR0063,CUST0063,VEH0063,SYNTHETIC,2026-05-14,2027-05-14,12,1800,2700,active,7.4,2027-05-14,never,True
CONTR0064,CUST0064,VEH0064,SYNTHETIC,2024-05-05,2026-05-06,24,1800,2600,ended,0,2026-05-06,never,True
CONTR0065,CUST0065,VEH0065,SYNTHETIC,2025-04-24,2027-04-25,24,2500,2800,active,6.8,2027-04-25,never,True
CONTR0066,CUST0066,VEH0066,SYNTHETIC,2025-04-07,2026-04-07,12,800,3100,ended,0,2026-04-07,multiple,False
CONTR0067,CUST0067,VEH0067,SYNTHETIC,2024-09-08,2026-09-09,24,1800,3050,ended,0,2026-09-09,once,True
CONTR0068,CUST0068,VEH0068,SYNTHETIC,2025-07-16,2026-07-16,12,800,2500,ended,0,2026-07-16,never,True
CONTR0069,CUST0069,VEH0069,SYNTHETIC,2024-01-25,2027-01-25,36,1500,2950,active,3.8,2027-01-25,multiple,False
CONTR0070,CUST0070,VEH0070,SYNTHETIC,2026-10-26,2027-10-26,12,1200,1950,active,12.8,2027-10-26,never,False
CONTR0071,CUST0071,VEH0071,SYNTHETIC,2026-02-05,2027-02-05,12,2500,2600,active,4.2,2027-02-05,once,False
CONTR0072,CUST0072,VEH0072,SYNTHETIC,2025-06-03,2027-06-04,24,1200,2900,active,8.1,2027-06-04,never,True
CONTR0073,CUST0073,VEH0073,SYNTHETIC,2023-10-16,2026-10-16,36,800,3150,active,0.5,2026-10-16,multiple,False
CONTR0074,CUST0074,VEH0074,SYNTHETIC,2026-03-10,2027-03-10,12,1800,2750,active,5.3,2027-03-10,never,True
CONTR0075,CUST0075,VEH0075,SYNTHETIC,2026-10-21,2027-10-21,12,2000,2800,active,12.6,2027-10-21,multiple,False
CONTR0076,CUST0076,VEH0076,SYNTHETIC,2026-07-28,2027-07-28,12,2000,4150,active,9.9,2027-07-28,once,False
CONTR0077,CUST0077,VEH0077,SYNTHETIC,2024-11-22,2027-11-23,36,2500,3900,active,13.7,2027-11-23,multiple,True
CONTR0078,CUST0078,VEH0078,SYNTHETIC,2026-01-20,2028-01-21,24,3000,3900,active,15.7,2028-01-21,never,True
CONTR0079,CUST0079,VEH0079,SYNTHETIC,2025-06-19,2026-06-19,12,800,3000,ended,0,2026-06-19,never,False
CONTR0080,CUST0080,VEH0080,SYNTHETIC,2026-12-27,2027-12-27,12,3000,2900,active,14.8,2027-12-27,never,True
CONTR0081,CUST0081,VEH0081,SYNTHETIC,2024-04-20,2026-04-21,24,2500,4050,ended,0,2026-04-21,once,True
CONTR0082,CUST0082,VEH0082,SYNTHETIC,2024-06-22,2026-06-23,24,2000,3050,ended,0,2026-06-23,never,False
CONTR0083,CUST0083,VEH0083,SYNTHETIC,2025-04-26,2027-04-27,24,2500,3250,active,6.8,2027-04-27,never,True
CONTR0084,CUST0084,VEH0084,SYNTHETIC,2026-09-26,2027-09-26,12,800,3650,active,11.8,2027-09-26,once,True
CONTR0085,CUST0085,VEH0085,SYNTHETIC,2025-02-05,2028-02-06,36,800,2950,active,16.2,2028-02-06,once,False
CONTR0086,CUST0086,VEH0086,SYNTHETIC,2026-11-02,2027-11-02,12,1500,3450,active,13.0,2027-11-02,never,False
CONTR0087,CUST0087,VEH0087,SYNTHETIC,2026-06-25,2027-06-25,12,1500,3050,active,8.8,2027-06-25,never,False
CONTR0088,CUST0088,VEH0088,SYNTHETIC,2025-07-08,2027-07-09,24,3000,3350,active,9.2,2027-07-09,once,False
CONTR0089,CUST0089,VEH0089,SYNTHETIC,2024-12-11,2026-12-12,24,1000,2950,active,2.4,2026-12-12,never,False
CONTR0090,CUST0090,VEH0090,SYNTHETIC,2026-02-13,2027-02-13,12,3000,2800,active,4.4,2027-02-13,multiple,False
CONTR0091,CUST0091,VEH0091,SYNTHETIC,2025-07-04,2026-07-04,12,2000,2500,ended,0,2026-07-04,never,False
CONTR0092,CUST0092,VEH0092,SYNTHETIC,2023-09-24,2026-09-24,36,2500,2800,ended,0,2026-09-24,once,True
CONTR0093,CUST0093,VEH0093,SYNTHETIC,2025-08-11,2027-08-12,24,1000,2950,active,10.3,2027-08-12,multiple,False
CONTR0094,CUST0094,VEH0094,SYNTHETIC,2024-04-09,2026-04-10,24,2500,3000,ended,0,2026-04-10,multiple,False
CONTR0095,CUST0095,VEH0095,SYNTHETIC,2025-12-11,2027-12-12,24,1500,2500,active,14.4,2027-12-12,never,False
CONTR0096,CUST0096,VEH0096,SYNTHETIC,2025-01-15,2027-01-16,24,2500,2900,active,3.5,2027-01-16,multiple,True
CONTR0097,CUST0097,VEH0097,SYNTHETIC,2024-11-03,2026-11-04,24,3000,2000,active,1.1,2026-11-04,multiple,True
CONTR0098,CUST0098,VEH0098,SYNTHETIC,2025-04-24,2027-04-25,24,1000,2650,active,6.8,2027-04-25,never,False
CONTR0099,CUST0099,VEH0099,SYNTHETIC,2026-04-07,2027-04-07,12,1000,2850,active,6.2,2027-04-07,never,True
CONTR0100,CUST0100,VEH0100,SYNTHETIC,2024-07-20,2026-07-21,24,800,3200,ended,0,2026-07-21,never,False
CONTR0101,CUST0101,VEH0001,SYNTHETIC,2025-07-21,2027-07-22,24,1200,3150,active,9.7,2027-07-22,multiple,True
CONTR0102,CUST0102,VEH0002,SYNTHETIC,2025-03-20,2027-03-21,24,3000,3400,active,5.6,2027-03-21,once,False
CONTR0103,CUST0103,VEH0003,SYNTHETIC,2025-07-30,2026-07-30,12,800,3550,ended,0,2026-07-30,multiple,True
CONTR0104,CUST0104,VEH0004,SYNTHETIC,2026-05-23,2027-05-23,12,1200,2700,active,7.7,2027-05-23,once,False
CONTR0105,CUST0105,VEH0005,SYNTHETIC,2023-11-09,2026-11-09,36,1500,3500,active,1.3,2026-11-09,multiple,True
CONTR0106,CUST0106,VEH0006,SYNTHETIC,2024-08-17,2027-08-18,36,2000,3050,active,10.5,2027-08-18,never,False
CONTR0107,CUST0107,VEH0007,SYNTHETIC,2023-06-29,2026-06-29,36,1200,3650,ended,0,2026-06-29,multiple,True
CONTR0108,CUST0108,VEH0008,SYNTHETIC,2023-08-23,2026-08-23,36,2500,2850,ended,0,2026-08-23,never,True
CONTR0109,CUST0109,VEH0009,SYNTHETIC,2024-08-24,2026-08-25,24,1200,2800,ended,0,2026-08-25,multiple,False
CONTR0110,CUST0110,VEH0010,SYNTHETIC,2025-01-31,2028-02-01,36,3000,2600,active,16.0,2028-02-01,never,False
CONTR0111,CUST0111,VEH0011,SYNTHETIC,2026-01-10,2027-01-10,12,1500,2950,active,3.3,2027-01-10,multiple,True
CONTR0112,CUST0112,VEH0012,SYNTHETIC,2025-10-10,2027-10-11,24,800,3050,active,12.3,2027-10-11,never,True
CONTR0113,CUST0113,VEH0013,SYNTHETIC,2024-07-01,2026-07-02,24,3000,3000,ended,0,2026-07-02,never,True
CONTR0114,CUST0114,VEH0014,SYNTHETIC,2023-08-24,2026-08-24,36,1500,2500,ended,0,2026-08-24,once,True
CONTR0115,CUST0115,VEH0015,SYNTHETIC,2024-01-02,2027-01-02,36,1000,3000,active,3.1,2027-01-02,once,False
CONTR0116,CUST0116,VEH0016,SYNTHETIC,2024-12-12,2026-12-13,24,2500,1950,active,2.4,2026-12-13,never,True
CONTR0117,CUST0117,VEH0017,SYNTHETIC,2024-01-13,2027-01-13,36,2000,2800,active,3.4,2027-01-13,never,False
CONTR0118,CUST0118,VEH0018,SYNTHETIC,2024-04-04,2027-04-05,36,1000,2750,active,6.1,2027-04-05,never,True
CONTR0119,CUST0119,VEH0019,SYNTHETIC,2025-03-20,2027-03-21,24,800,3250,active,5.6,2027-03-21,never,True
CONTR0120,CUST0120,VEH0020,SYNTHETIC,2024-10-27,2026-10-28,24,1200,2800,active,0.9,2026-10-28,multiple,True
CONTR0121,CUST0121,VEH0021,SYNTHETIC,2026-01-03,2028-01-04,24,1800,2950,active,15.1,2028-01-04,once,False
CONTR0122,CUST0122,VEH0022,SYNTHETIC,2024-07-02,2027-07-03,36,800,3950,active,9.0,2027-07-03,never,False
CONTR0123,CUST0123,VEH0023,SYNTHETIC,2025-04-14,2027-04-15,24,1800,3800,active,6.4,2027-04-15,once,False
CONTR0124,CUST0124,VEH0024,SYNTHETIC,2024-11-07,2026-11-08,24,1200,3700,active,1.2,2026-11-08,never,False
CONTR0125,CUST0125,VEH0025,SYNTHETIC,2025-02-19,2027-02-20,24,1200,2950,active,4.7,2027-02-20,once,False
CONTR0126,CUST0126,VEH0026,SYNTHETIC,2027-02-07,2028-02-07,12,1800,2750,active,16.2,2028-02-07,once,True
CONTR0127,CUST0127,VEH0027,SYNTHETIC,2025-12-06,2026-12-06,12,3000,3750,active,2.2,2026-12-06,never,True
CONTR0128,CUST0128,VEH0028,SYNTHETIC,2023-09-27,2026-09-27,36,3000,3150,ended,0,2026-09-27,never,True
CONTR0129,CUST0129,VEH0029,SYNTHETIC,2026-01-06,2028-01-07,24,2500,3500,active,15.2,2028-01-07,never,False
CONTR0130,CUST0130,VEH0030,SYNTHETIC,2023-10-29,2026-10-29,36,1200,3800,active,0.9,2026-10-29,multiple,False
CONTR0131,CUST0131,VEH0031,SYNTHETIC,2025-06-02,2026-06-02,12,1500,2850,ended,0,2026-06-02,never,False
CONTR0132,CUST0132,VEH0032,SYNTHETIC,2025-08-22,2026-08-22,12,800,3300,ended,0,2026-08-22,once,False
CONTR0133,CUST0133,VEH0033,SYNTHETIC,2024-01-04,2027-01-04,36,1000,2900,active,3.1,2027-01-04,never,False
CONTR0134,CUST0134,VEH0034,SYNTHETIC,2025-09-08,2027-09-09,24,2000,3600,active,11.3,2027-09-09,never,False
CONTR0135,CUST0135,VEH0035,SYNTHETIC,2024-09-06,2027-09-07,36,800,2850,active,11.2,2027-09-07,never,True
CONTR0136,CUST0136,VEH0036,SYNTHETIC,2025-02-03,2028-02-04,36,2500,2850,active,16.1,2028-02-04,once,False
CONTR0137,CUST0137,VEH0037,SYNTHETIC,2023-05-27,2026-05-27,36,1200,2650,ended,0,2026-05-27,once,True
CONTR0138,CUST0138,VEH0038,SYNTHETIC,2024-07-14,2027-07-15,36,800,2900,active,9.4,2027-07-15,multiple,True
CONTR0139,CUST0139,VEH0039,SYNTHETIC,2024-10-14,2027-10-15,36,1500,3000,active,12.5,2027-10-15,once,True
CONTR0140,CUST0140,VEH0040,SYNTHETIC,2027-02-06,2028-02-06,12,2500,2950,active,16.2,2028-02-06,multiple,True
CONTR0141,CUST0141,VEH0041,SYNTHETIC,2025-11-27,2026-11-27,12,2500,2500,active,1.9,2026-11-27,multiple,False
CONTR0142,CUST0142,VEH0042,SYNTHETIC,2023-06-06,2026-06-06,36,2500,2800,ended,0,2026-06-06,once,True
CONTR0143,CUST0143,VEH0043,SYNTHETIC,2025-01-06,2027-01-07,24,1500,2000,active,3.2,2027-01-07,never,True
CONTR0144,CUST0144,VEH0044,SYNTHETIC,2024-08-04,2026-08-05,24,2000,2650,ended,0,2026-08-05,once,False
CONTR0145,CUST0145,VEH0045,SYNTHETIC,2024-12-11,2027-12-12,36,800,2800,active,14.4,2027-12-12,once,False
CONTR0146,CUST0146,VEH0046,SYNTHETIC,2025-05-05,2026-05-05,12,2500,3300,ended,0,2026-05-05,never,True
CONTR0147,CUST0147,VEH0047,SYNTHETIC,2025-10-23,2026-10-23,12,2500,2800,active,0.7,2026-10-23,multiple,True
CONTR0148,CUST0148,VEH0048,SYNTHETIC,2024-08-12,2026-08-13,24,1000,2850,ended,0,2026-08-13,multiple,True
CONTR0149,CUST0149,VEH0049,SYNTHETIC,2026-04-30,2027-04-30,12,2500,4100,active,6.9,2027-04-30,once,False
CONTR0150,CUST0150,VEH0050,SYNTHETIC,2025-08-26,2027-08-27,24,2500,3800,active,10.8,2027-08-27,never,True
CONTR0151,CUST0151,VEH0051,SYNTHETIC,2023-04-23,2026-04-23,36,2500,3750,ended,0,2026-04-23,multiple,False
CONTR0152,CUST0152,VEH0052,SYNTHETIC,2026-02-24,2027-02-24,12,1500,2950,active,4.8,2027-02-24,never,False
CONTR0153,CUST0153,VEH0053,SYNTHETIC,2027-02-05,2028-02-05,12,1500,2900,active,16.2,2028-02-05,multiple,True
CONTR0154,CUST0154,VEH0054,SYNTHETIC,2024-02-23,2027-02-23,36,2000,3900,active,4.8,2027-02-23,never,False
CONTR0155,CUST0155,VEH0055,SYNTHETIC,2024-05-11,2026-05-12,24,1000,3100,ended,0,2026-05-12,never,True
CONTR0156,CUST0156,VEH0056,SYNTHETIC,2024-10-01,2026-10-02,24,2000,3250,active,0,2026-10-02,never,True
CONTR0157,CUST0157,VEH0057,SYNTHETIC,2025-02-10,2028-02-11,36,2500,3750,active,16.4,2028-02-11,never,False
CONTR0158,CUST0158,VEH0058,SYNTHETIC,2024-09-28,2026-09-29,24,2000,2800,ended,0,2026-09-29,once,True
CONTR0159,CUST0159,VEH0059,SYNTHETIC,2025-10-07,2026-10-07,12,2000,3350,active,0.2,2026-10-07,once,True
CONTR0160,CUST0160,VEH0060,SYNTHETIC,2027-02-19,2028-02-19,12,2000,2900,active,16.6,2028-02-19,never,True
CONTR0161,CUST0161,VEH0061,SYNTHETIC,2025-06-25,2027-06-26,24,2500,3650,active,8.8,2027-06-26,once,False
CONTR0162,CUST0162,VEH0062,SYNTHETIC,2024-06-17,2026-06-18,24,800,2850,ended,0,2026-06-18,multiple,True
CONTR0163,CUST0163,VEH0063,SYNTHETIC,2026-10-16,2027-10-16,12,1000,2700,active,12.5,2027-10-16,multiple,False
CONTR0164,CUST0164,VEH0064,SYNTHETIC,2026-03-09,2027-03-09,12,1500,2600,active,5.2,2027-03-09,once,False
CONTR0165,CUST0165,VEH0065,SYNTHETIC,2025-11-09,2027-11-10,24,3000,2800,active,13.3,2027-11-10,once,True
CONTR0166,CUST0166,VEH0066,SYNTHETIC,2025-04-30,2026-04-30,12,1500,3100,ended,0,2026-04-30,once,False
CONTR0167,CUST0167,VEH0067,SYNTHETIC,2024-10-12,2027-10-13,36,2500,3050,active,12.4,2027-10-13,once,False
CONTR0168,CUST0168,VEH0068,SYNTHETIC,2025-11-01,2027-11-02,24,800,2500,active,13.0,2027-11-02,once,True
CONTR0169,CUST0169,VEH0069,SYNTHETIC,2026-05-05,2027-05-05,12,2500,2950,active,7.1,2027-05-05,never,True
CONTR0170,CUST0170,VEH0070,SYNTHETIC,2024-09-27,2026-09-28,24,1200,1950,ended,0,2026-09-28,once,True
CONTR0171,CUST0171,VEH0071,SYNTHETIC,2025-02-24,2027-02-25,24,1000,2600,active,4.8,2027-02-25,never,False
CONTR0172,CUST0172,VEH0072,SYNTHETIC,2024-11-25,2027-11-26,36,2500,2900,active,13.8,2027-11-26,never,False
CONTR0173,CUST0173,VEH0073,SYNTHETIC,2026-01-21,2027-01-21,12,2000,3150,active,3.7,2027-01-21,never,False
CONTR0174,CUST0174,VEH0074,SYNTHETIC,2026-12-28,2027-12-28,12,2500,2750,active,14.9,2027-12-28,never,False
CONTR0175,CUST0175,VEH0075,SYNTHETIC,2025-02-07,2027-02-08,24,1800,2800,active,4.3,2027-02-08,multiple,False
CONTR0176,CUST0176,VEH0076,SYNTHETIC,2025-06-03,2027-06-04,24,1000,4150,active,8.1,2027-06-04,once,False
CONTR0177,CUST0177,VEH0077,SYNTHETIC,2025-09-03,2027-09-04,24,2500,3900,active,11.1,2027-09-04,once,True
CONTR0178,CUST0178,VEH0078,SYNTHETIC,2023-10-24,2026-10-24,36,1800,3900,active,0.8,2026-10-24,multiple,False
CONTR0179,CUST0179,VEH0079,SYNTHETIC,2024-07-03,2027-07-04,36,1200,3000,active,9.1,2027-07-04,never,False
CONTR0180,CUST0180,VEH0080,SYNTHETIC,2025-09-17,2026-09-17,12,1500,2900,ended,0,2026-09-17,once,True
CONTR0181,CUST0181,VEH0081,SYNTHETIC,2027-01-26,2028-01-26,12,1200,4050,active,15.8,2028-01-26,never,True
CONTR0182,CUST0182,VEH0082,SYNTHETIC,2025-07-17,2027-07-18,24,1800,3050,active,9.5,2027-07-18,once,False
CONTR0183,CUST0183,VEH0083,SYNTHETIC,2024-04-21,2027-04-22,36,1800,3250,active,6.7,2027-04-22,multiple,True
CONTR0184,CUST0184,VEH0084,SYNTHETIC,2025-01-30,2028-01-31,36,1800,3650,active,16.0,2028-01-31,once,True
CONTR0185,CUST0185,VEH0085,SYNTHETIC,2026-03-01,2028-03-01,24,1200,2950,active,17.0,2028-03-01,never,False
CONTR0186,CUST0186,VEH0086,SYNTHETIC,2023-11-17,2026-11-17,36,3000,3450,active,1.5,2026-11-17,multiple,False
CONTR0187,CUST0187,VEH0087,SYNTHETIC,2023-10-08,2026-10-08,36,2000,3050,active,0.2,2026-10-08,never,True
CONTR0188,CUST0188,VEH0088,SYNTHETIC,2025-07-21,2027-07-22,24,1000,3350,active,9.7,2027-07-22,never,True
CONTR0189,CUST0189,VEH0089,SYNTHETIC,2025-09-27,2027-09-28,24,1800,2950,active,11.9,2027-09-28,never,True
CONTR0190,CUST0190,VEH0090,SYNTHETIC,2023-10-05,2026-10-05,36,1000,2800,active,0.1,2026-10-05,never,False
CONTR0191,CUST0191,VEH0091,SYNTHETIC,2023-09-13,2026-09-13,36,3000,2500,ended,0,2026-09-13,never,True
CONTR0192,CUST0192,VEH0092,SYNTHETIC,2026-10-02,2027-10-02,12,1500,2800,active,12.0,2027-10-02,multiple,True
CONTR0193,CUST0193,VEH0093,SYNTHETIC,2024-03-21,2027-03-22,36,1800,2950,active,5.7,2027-03-22,once,True
CONTR0194,CUST0194,VEH0094,SYNTHETIC,2025-09-17,2027-09-18,24,2000,3000,active,11.6,2027-09-18,never,True
CONTR0195,CUST0195,VEH0095,SYNTHETIC,2025-08-16,2026-08-16,12,1500,2500,ended,0,2026-08-16,never,True
CONTR0196,CUST0196,VEH0096,SYNTHETIC,2023-05-23,2026-05-23,36,800,2900,ended,0,2026-05-23,never,True
CONTR0197,CUST0197,VEH0097,SYNTHETIC,2023-09-07,2026-09-07,36,1500,2000,ended,0,2026-09-07,never,False
CONTR0198,CUST0198,VEH0098,SYNTHETIC,2026-09-09,2027-09-09,12,1000,2650,active,11.3,2027-09-09,multiple,True
CONTR0199,CUST0199,VEH0099,SYNTHETIC,2024-05-27,2027-05-28,36,1800,2850,active,7.9,2027-05-28,once,True
CONTR0200,CUST0200,VEH0100,SYNTHETIC,2023-07-04,2026-07-04,36,1000,3200,ended,0,2026-07-04,never,True
CONTR0201,CUST0201,VEH0001,SYNTHETIC,2024-12-29,2026-12-30,24,3000,3150,active,3.0,2026-12-30,never,True
CONTR0202,CUST0202,VEH0002,SYNTHETIC,2025-04-13,2026-04-13,12,1200,3400,ended,0,2026-04-13,once,False
CONTR0203,CUST0203,VEH0003,SYNTHETIC,2026-05-19,2027-05-19,12,2500,3550,active,7.6,2027-05-19,never,False
CONTR0204,CUST0204,VEH0004,SYNTHETIC,2023-06-03,2026-06-03,36,1200,2700,ended,0,2026-06-03,never,False
CONTR0205,CUST0205,VEH0005,SYNTHETIC,2027-03-05,2028-03-04,12,1200,3500,active,17.1,2028-03-04,never,False
CONTR0206,CUST0206,VEH0006,SYNTHETIC,2024-09-22,2027-09-23,36,1500,3050,active,11.7,2027-09-23,multiple,True
CONTR0207,CUST0207,VEH0007,SYNTHETIC,2024-12-21,2027-12-22,36,800,3650,active,14.7,2027-12-22,never,True
CONTR0208,CUST0208,VEH0008,SYNTHETIC,2025-01-12,2027-01-13,24,800,2850,active,3.4,2027-01-13,once,False
CONTR0209,CUST0209,VEH0009,SYNTHETIC,2025-02-20,2027-02-21,24,1000,2800,active,4.7,2027-02-21,never,True
CONTR0210,CUST0210,VEH0010,SYNTHETIC,2023-11-01,2026-11-01,36,3000,2600,active,1.0,2026-11-01,multiple,False
CONTR0211,CUST0211,VEH0011,SYNTHETIC,2024-04-10,2027-04-11,36,3000,2950,active,6.3,2027-04-11,never,True
CONTR0212,CUST0212,VEH0012,SYNTHETIC,2025-05-20,2026-05-20,12,1200,3050,ended,0,2026-05-20,never,True
CONTR0213,CUST0213,VEH0013,SYNTHETIC,2026-07-16,2027-07-16,12,1500,3000,active,9.5,2027-07-16,multiple,True
CONTR0214,CUST0214,VEH0014,SYNTHETIC,2024-09-01,2027-09-02,36,1200,2500,active,11.0,2027-09-02,never,True
CONTR0215,CUST0215,VEH0015,SYNTHETIC,2026-11-17,2027-11-17,12,1200,3000,active,13.5,2027-11-17,once,True
CONTR0216,CUST0216,VEH0016,SYNTHETIC,2023-12-14,2026-12-14,36,1800,1950,active,2.4,2026-12-14,never,False
CONTR0217,CUST0217,VEH0017,SYNTHETIC,2024-02-19,2027-02-19,36,1500,2800,active,4.6,2027-02-19,once,True
CONTR0218,CUST0218,VEH0018,SYNTHETIC,2025-01-15,2028-01-16,36,2000,2750,active,15.5,2028-01-16,never,False
CONTR0219,CUST0219,VEH0019,SYNTHETIC,2026-09-21,2027-09-21,12,1000,3250,active,11.7,2027-09-21,never,False
CONTR0220,CUST0220,VEH0020,SYNTHETIC,2024-08-30,2026-08-31,24,800,2800,ended,0,2026-08-31,multiple,True
CONTR0221,CUST0221,VEH0021,SYNTHETIC,2024-10-29,2027-10-30,36,2500,2950,active,12.9,2027-10-30,once,False
CONTR0222,CUST0222,VEH0022,SYNTHETIC,2025-04-17,2026-04-17,12,1800,3950,ended,0,2026-04-17,once,False
CONTR0223,CUST0223,VEH0023,SYNTHETIC,2026-01-30,2027-01-30,12,3000,3800,active,4.0,2027-01-30,once,True
CONTR0224,CUST0224,VEH0024,SYNTHETIC,2026-11-23,2027-11-23,12,1800,3700,active,13.7,2027-11-23,never,False
CONTR0225,CUST0225,VEH0025,SYNTHETIC,2025-02-09,2028-02-10,36,1800,2950,active,16.3,2028-02-10,never,False
CONTR0226,CUST0226,VEH0026,SYNTHETIC,2026-06-03,2027-06-03,12,2500,2750,active,8.0,2027-06-03,never,False
CONTR0227,CUST0227,VEH0027,SYNTHETIC,2023-04-13,2026-04-13,36,1000,3750,ended,0,2026-04-13,multiple,False
CONTR0228,CUST0228,VEH0028,SYNTHETIC,2026-05-04,2027-05-04,12,1800,3150,active,7.1,2027-05-04,multiple,True
CONTR0229,CUST0229,VEH0029,SYNTHETIC,2023-10-18,2026-10-18,36,2000,3500,active,0.6,2026-10-18,never,True
CONTR0230,CUST0230,VEH0030,SYNTHETIC,2024-07-18,2026-07-19,24,1500,3800,ended,0,2026-07-19,never,True
CONTR0231,CUST0231,VEH0031,SYNTHETIC,2025-10-03,2026-10-03,12,1800,2850,active,0.1,2026-10-03,never,True
CONTR0232,CUST0232,VEH0032,SYNTHETIC,2023-08-03,2026-08-03,36,800,3300,ended,0,2026-08-03,never,True
CONTR0233,CUST0233,VEH0033,SYNTHETIC,2026-01-17,2027-01-17,12,3000,2900,active,3.5,2027-01-17,never,False
CONTR0234,CUST0234,VEH0034,SYNTHETIC,2026-01-12,2028-01-13,24,1200,3600,active,15.4,2028-01-13,multiple,False
CONTR0235,CUST0235,VEH0035,SYNTHETIC,2023-06-30,2026-06-30,36,1800,2850,ended,0,2026-06-30,once,False
CONTR0236,CUST0236,VEH0036,SYNTHETIC,2024-10-18,2026-10-19,24,1000,2850,active,0.6,2026-10-19,once,True
CONTR0237,CUST0237,VEH0037,SYNTHETIC,2026-11-19,2027-11-19,12,3000,2650,active,13.6,2027-11-19,multiple,False
CONTR0238,CUST0238,VEH0038,SYNTHETIC,2025-07-08,2027-07-09,24,2000,2900,active,9.2,2027-07-09,multiple,True
CONTR0239,CUST0239,VEH0039,SYNTHETIC,2025-11-16,2026-11-16,12,2500,3000,active,1.5,2026-11-16,multiple,False
CONTR0240,CUST0240,VEH0040,SYNTHETIC,2023-07-24,2026-07-24,36,1200,2950,ended,0,2026-07-24,never,False
CONTR0241,CUST0241,VEH0041,SYNTHETIC,2025-01-09,2028-01-10,36,800,2500,active,15.3,2028-01-10,never,True
CONTR0242,CUST0242,VEH0042,SYNTHETIC,2024-11-17,2026-11-18,24,1800,2800,active,1.6,2026-11-18,once,False
CONTR0243,CUST0243,VEH0043,SYNTHETIC,2023-09-20,2026-09-20,36,1200,2000,ended,0,2026-09-20,never,True
CONTR0244,CUST0244,VEH0044,SYNTHETIC,2025-11-14,2026-11-14,12,3000,2650,active,1.4,2026-11-14,once,True
CONTR0245,CUST0245,VEH0045,SYNTHETIC,2024-05-20,2026-05-21,24,800,2800,ended,0,2026-05-21,multiple,True
CONTR0246,CUST0246,VEH0046,SYNTHETIC,2024-04-25,2027-04-26,36,2000,3300,active,6.8,2027-04-26,never,False
CONTR0247,CUST0247,VEH0047,SYNTHETIC,2023-04-10,2026-04-10,36,1200,2800,ended,0,2026-04-10,never,True
CONTR0248,CUST0248,VEH0048,SYNTHETIC,2023-08-03,2026-08-03,36,1500,2850,ended,0,2026-08-03,never,False
CONTR0249,CUST0249,VEH0049,SYNTHETIC,2024-04-25,2026-04-26,24,1500,4100,ended,0,2026-04-26,never,True
CONTR0250,CUST0250,VEH0050,SYNTHETIC,2025-12-24,2026-12-24,12,1200,3800,active,2.8,2026-12-24,never,True
CONTR0251,CUST0251,VEH0051,SYNTHETIC,2025-11-14,2026-11-14,12,2500,3750,active,1.4,2026-11-14,once,True
CONTR0252,CUST0252,VEH0052,SYNTHETIC,2023-06-13,2026-06-13,36,1500,2950,ended,0,2026-06-13,never,False
CONTR0253,CUST0253,VEH0053,SYNTHETIC,2023-07-11,2026-07-11,36,1200,2900,ended,0,2026-07-11,never,True
CONTR0254,CUST0254,VEH0054,SYNTHETIC,2024-06-18,2027-06-19,36,2500,3900,active,8.6,2027-06-19,multiple,True
CONTR0255,CUST0255,VEH0055,SYNTHETIC,2024-11-13,2027-11-14,36,1000,3100,active,13.4,2027-11-14,never,True
CONTR0256,CUST0256,VEH0056,SYNTHETIC,2025-04-09,2026-04-09,12,800,3250,ended,0,2026-04-09,never,True
CONTR0257,CUST0257,VEH0057,SYNTHETIC,2026-01-30,2028-01-31,24,1800,3750,active,16.0,2028-01-31,multiple,False
CONTR0258,CUST0258,VEH0058,SYNTHETIC,2024-08-10,2027-08-11,36,1200,2800,active,10.3,2027-08-11,multiple,False
CONTR0259,CUST0259,VEH0059,SYNTHETIC,2025-11-25,2026-11-25,12,3000,3350,active,1.8,2026-11-25,once,True
CONTR0260,CUST0260,VEH0060,SYNTHETIC,2026-01-14,2028-01-15,24,800,2900,active,15.5,2028-01-15,never,True
CONTR0261,CUST0261,VEH0061,SYNTHETIC,2026-05-02,2027-05-02,12,2500,3650,active,7.0,2027-05-02,multiple,True
CONTR0262,CUST0262,VEH0062,SYNTHETIC,2026-12-08,2027-12-08,12,1500,2850,active,14.2,2027-12-08,once,True
CONTR0263,CUST0263,VEH0063,SYNTHETIC,2024-05-12,2027-05-13,36,2500,2700,active,7.4,2027-05-13,once,True
CONTR0264,CUST0264,VEH0064,SYNTHETIC,2024-11-20,2026-11-21,24,1500,2600,active,1.7,2026-11-21,never,False
CONTR0265,CUST0265,VEH0065,SYNTHETIC,2025-03-17,2027-03-18,24,1000,2800,active,5.5,2027-03-18,multiple,False
CONTR0266,CUST0266,VEH0066,SYNTHETIC,2025-11-24,2027-11-25,24,800,3100,active,13.8,2027-11-25,never,True
CONTR0267,CUST0267,VEH0067,SYNTHETIC,2025-03-30,2027-03-31,24,800,3050,active,5.9,2027-03-31,multiple,True
CONTR0268,CUST0268,VEH0068,SYNTHETIC,2025-03-31,2027-04-01,24,1500,2500,active,6.0,2027-04-01,multiple,True
CONTR0269,CUST0269,VEH0069,SYNTHETIC,2025-11-24,2026-11-24,12,1500,2950,active,1.8,2026-11-24,once,False
CONTR0270,CUST0270,VEH0070,SYNTHETIC,2026-10-10,2027-10-10,12,800,1950,active,12.3,2027-10-10,never,False
CONTR0271,CUST0271,VEH0071,SYNTHETIC,2026-09-09,2027-09-09,12,1800,2600,active,11.3,2027-09-09,never,True
CONTR0272,CUST0272,VEH0072,SYNTHETIC,2025-05-11,2027-05-12,24,1200,2900,active,7.3,2027-05-12,never,True
CONTR0273,CUST0273,VEH0073,SYNTHETIC,2023-07-16,2026-07-16,36,2000,3150,ended,0,2026-07-16,multiple,False
CONTR0274,CUST0274,VEH0074,SYNTHETIC,2026-08-27,2027-08-27,12,2500,2750,active,10.8,2027-08-27,once,False
CONTR0275,CUST0275,VEH0075,SYNTHETIC,2026-11-14,2027-11-14,12,1500,2800,active,13.4,2027-11-14,never,False
CONTR0276,CUST0276,VEH0076,SYNTHETIC,2025-10-01,2026-10-01,12,2500,4150,active,0,2026-10-01,never,True
CONTR0277,CUST0277,VEH0077,SYNTHETIC,2023-05-22,2026-05-22,36,2500,3900,ended,0,2026-05-22,never,True
CONTR0278,CUST0278,VEH0078,SYNTHETIC,2025-04-06,2027-04-07,24,1800,3900,active,6.2,2027-04-07,multiple,True
CONTR0279,CUST0279,VEH0079,SYNTHETIC,2025-03-01,2027-03-02,24,3000,3000,active,5.0,2027-03-02,never,True
CONTR0280,CUST0280,VEH0080,SYNTHETIC,2024-12-21,2027-12-22,36,2500,2900,active,14.7,2027-12-22,never,True
CONTR0281,CUST0281,VEH0081,SYNTHETIC,2024-05-12,2027-05-13,36,1800,4050,active,7.4,2027-05-13,never,False
CONTR0282,CUST0282,VEH0082,SYNTHETIC,2023-11-30,2026-11-30,36,1800,3050,active,2.0,2026-11-30,never,True
CONTR0283,CUST0283,VEH0083,SYNTHETIC,2025-09-21,2027-09-22,24,1000,3250,active,11.7,2027-09-22,never,False
CONTR0284,CUST0284,VEH0084,SYNTHETIC,2024-01-19,2027-01-19,36,3000,3650,active,3.6,2027-01-19,once,True
CONTR0285,CUST0285,VEH0085,SYNTHETIC,2024-01-07,2027-01-07,36,3000,2950,active,3.2,2027-01-07,once,True
CONTR0286,CUST0286,VEH0086,SYNTHETIC,2025-01-17,2028-01-18,36,1800,3450,active,15.6,2028-01-18,multiple,False
CONTR0287,CUST0287,VEH0087,SYNTHETIC,2025-04-04,2026-04-04,12,1200,3050,ended,0,2026-04-04,multiple,False
CONTR0288,CUST0288,VEH0088,SYNTHETIC,2025-01-27,2027-01-28,24,1500,3350,active,3.9,2027-01-28,never,False
CONTR0289,CUST0289,VEH0089,SYNTHETIC,2025-12-29,2026-12-29,12,1000,2950,active,2.9,2026-12-29,never,True
CONTR0290,CUST0290,VEH0090,SYNTHETIC,2025-06-13,2026-06-13,12,1200,2800,ended,0,2026-06-13,once,False
CONTR0291,CUST0291,VEH0091,SYNTHETIC,2024-04-22,2026-04-23,24,1200,2500,ended,0,2026-04-23,never,True
CONTR0292,CUST0292,VEH0092,SYNTHETIC,2025-09-05,2026-09-05,12,800,2800,ended,0,2026-09-05,never,True
CONTR0293,CUST0293,VEH0093,SYNTHETIC,2026-03-08,2027-03-08,12,1000,2950,active,5.2,2027-03-08,once,True
CONTR0294,CUST0294,VEH0094,SYNTHETIC,2025-08-06,2026-08-06,12,1500,3000,ended,0,2026-08-06,never,False
CONTR0295,CUST0295,VEH0095,SYNTHETIC,2026-03-01,2028-03-01,24,1800,2500,active,17.0,2028-03-01,multiple,True
CONTR0296,CUST0296,VEH0096,SYNTHETIC,2024-02-03,2027-02-03,36,1500,2900,active,4.1,2027-02-03,multiple,True
CONTR0297,CUST0297,VEH0097,SYNTHETIC,2023-08-04,2026-08-04,36,2500,2000,ended,0,2026-08-04,once,True
CONTR0298,CUST0298,VEH0098,SYNTHETIC,2024-07-05,2026-07-06,24,2000,2650,ended,0,2026-07-06,never,True
CONTR0299,CUST0299,VEH0099,SYNTHETIC,2025-10-26,2027-10-27,24,2000,2850,active,12.8,2027-10-27,never,True
CONTR0300,CUST0300,VEH0100,SYNTHETIC,2025-10-27,2027-10-28,24,1800,3200,active,12.9,2027-10-28,never,True
CONTR0301,CUST0301,VEH0001,SYNTHETIC,2023-09-09,2026-09-09,36,3000,3150,ended,0,2026-09-09,multiple,False
CONTR0302,CUST0302,VEH0002,SYNTHETIC,2024-04-10,2027-04-11,36,1500,3400,active,6.3,2027-04-11,multiple,True
CONTR0303,CUST0303,VEH0003,SYNTHETIC,2025-02-27,2027-02-28,24,2500,3550,active,4.9,2027-02-28,multiple,True
CONTR0304,CUST0304,VEH0004,SYNTHETIC,2026-08-14,2027-08-14,12,1500,2700,active,10.4,2027-08-14,never,True
CONTR0305,CUST0305,VEH0005,SYNTHETIC,2024-11-15,2026-11-16,24,1000,3500,active,1.5,2026-11-16,never,True
CONTR0306,CUST0306,VEH0006,SYNTHETIC,2023-06-02,2026-06-02,36,1800,3050,ended,0,2026-06-02,never,True
CONTR0307,CUST0307,VEH0007,SYNTHETIC,2024-10-14,2026-10-15,24,1500,3650,active,0.5,2026-10-15,once,True
CONTR0308,CUST0308,VEH0008,SYNTHETIC,2026-02-13,2028-02-14,24,2500,2850,active,16.5,2028-02-14,never,True
CONTR0309,CUST0309,VEH0009,SYNTHETIC,2025-10-18,2027-10-19,24,2000,2800,active,12.6,2027-10-19,multiple,False
CONTR0310,CUST0310,VEH0010,SYNTHETIC,2023-12-20,2026-12-20,36,2000,2600,active,2.6,2026-12-20,never,False
CONTR0311,CUST0311,VEH0011,SYNTHETIC,2026-02-05,2027-02-05,12,1500,2950,active,4.2,2027-02-05,once,False
CONTR0312,CUST0312,VEH0012,SYNTHETIC,2026-07-19,2027-07-19,12,2000,3050,active,9.6,2027-07-19,once,True
CONTR0313,CUST0313,VEH0013,SYNTHETIC,2025-11-06,2027-11-07,24,1500,3000,active,13.2,2027-11-07,never,False
CONTR0314,CUST0314,VEH0014,SYNTHETIC,2024-02-05,2027-02-05,36,800,2500,active,4.2,2027-02-05,never,True
CONTR0315,CUST0315,VEH0015,SYNTHETIC,2025-01-31,2028-02-01,36,800,3000,active,16.0,2028-02-01,never,True
CONTR0316,CUST0316,VEH0016,SYNTHETIC,2027-02-22,2028-02-22,12,2500,1950,active,16.7,2028-02-22,never,True
CONTR0317,CUST0317,VEH0017,SYNTHETIC,2023-05-24,2026-05-24,36,2500,2800,ended,0,2026-05-24,multiple,True
CONTR0318,CUST0318,VEH0018,SYNTHETIC,2026-08-16,2027-08-16,12,2500,2750,active,10.5,2027-08-16,once,True
CONTR0319,CUST0319,VEH0019,SYNTHETIC,2024-05-31,2027-06-01,36,2500,3250,active,8.0,2027-06-01,multiple,False
CONTR0320,CUST0320,VEH0020,SYNTHETIC,2024-06-29,2027-06-30,36,1200,2800,active,8.9,2027-06-30,never,True
CONTR0321,CUST0321,VEH0021,SYNTHETIC,2025-12-08,2026-12-08,12,1200,2950,active,2.2,2026-12-08,multiple,True
CONTR0322,CUST0322,VEH0022,SYNTHETIC,2023-11-06,2026-11-06,36,1500,3950,active,1.2,2026-11-06,multiple,False
CONTR0323,CUST0323,VEH0023,SYNTHETIC,2025-06-04,2026-06-04,12,1800,3800,ended,0,2026-06-04,once,False
CONTR0324,CUST0324,VEH0024,SYNTHETIC,2024-04-06,2027-04-07,36,1000,3700,active,6.2,2027-04-07,never,False
CONTR0325,CUST0325,VEH0025,SYNTHETIC,2025-12-05,2027-12-06,24,1000,2950,active,14.2,2027-12-06,once,True
CONTR0326,CUST0326,VEH0026,SYNTHETIC,2025-05-10,2027-05-11,24,1200,2750,active,7.3,2027-05-11,never,False
CONTR0327,CUST0327,VEH0027,SYNTHETIC,2023-12-23,2026-12-23,36,2500,3750,active,2.7,2026-12-23,never,False
CONTR0328,CUST0328,VEH0028,SYNTHETIC,2024-12-21,2027-12-22,36,1500,3150,active,14.7,2027-12-22,never,True
CONTR0329,CUST0329,VEH0029,SYNTHETIC,2025-11-01,2026-11-01,12,1200,3500,active,1.0,2026-11-01,once,True
CONTR0330,CUST0330,VEH0030,SYNTHETIC,2026-10-26,2027-10-26,12,1000,3800,active,12.8,2027-10-26,once,False
CONTR0331,CUST0331,VEH0031,SYNTHETIC,2026-01-15,2028-01-16,24,1800,2850,active,15.5,2028-01-16,once,True
CONTR0332,CUST0332,VEH0032,SYNTHETIC,2024-12-21,2027-12-22,36,1500,3300,active,14.7,2027-12-22,once,True
CONTR0333,CUST0333,VEH0033,SYNTHETIC,2024-04-20,2027-04-21,36,1200,2900,active,6.6,2027-04-21,never,False
CONTR0334,CUST0334,VEH0034,SYNTHETIC,2027-02-20,2028-02-20,12,1500,3600,active,16.7,2028-02-20,once,True
CONTR0335,CUST0335,VEH0035,SYNTHETIC,2024-05-15,2026-05-16,24,2500,2850,ended,0,2026-05-16,multiple,False
CONTR0336,CUST0336,VEH0036,SYNTHETIC,2026-07-10,2027-07-10,12,3000,2850,active,9.3,2027-07-10,never,True
CONTR0337,CUST0337,VEH0037,SYNTHETIC,2025-06-27,2027-06-28,24,2500,2650,active,8.9,2027-06-28,multiple,False
CONTR0338,CUST0338,VEH0038,SYNTHETIC,2024-07-09,2027-07-10,36,1000,2900,active,9.3,2027-07-10,never,True
CONTR0339,CUST0339,VEH0039,SYNTHETIC,2025-11-28,2027-11-29,24,1500,3000,active,13.9,2027-11-29,never,True
CONTR0340,CUST0340,VEH0040,SYNTHETIC,2026-07-08,2027-07-08,12,2000,2950,active,9.2,2027-07-08,never,False
CONTR0341,CUST0341,VEH0041,SYNTHETIC,2025-11-03,2027-11-04,24,1200,2500,active,13.1,2027-11-04,once,True
CONTR0342,CUST0342,VEH0042,SYNTHETIC,2025-08-02,2026-08-02,12,1200,2800,ended,0,2026-08-02,once,True
CONTR0343,CUST0343,VEH0043,SYNTHETIC,2024-12-02,2026-12-03,24,1500,2000,active,2.1,2026-12-03,never,False
CONTR0344,CUST0344,VEH0044,SYNTHETIC,2024-10-25,2027-10-26,36,1500,2650,active,12.8,2027-10-26,never,True
CONTR0345,CUST0345,VEH0045,SYNTHETIC,2025-05-24,2026-05-24,12,1000,2800,ended,0,2026-05-24,never,True
CONTR0346,CUST0346,VEH0046,SYNTHETIC,2024-11-16,2027-11-17,36,2000,3300,active,13.5,2027-11-17,never,True
CONTR0347,CUST0347,VEH0047,SYNTHETIC,2024-08-18,2026-08-19,24,1000,2800,ended,0,2026-08-19,multiple,False
CONTR0348,CUST0348,VEH0048,SYNTHETIC,2025-01-07,2028-01-08,36,1000,2850,active,15.2,2028-01-08,never,False
CONTR0349,CUST0349,VEH0049,SYNTHETIC,2024-10-31,2027-11-01,36,3000,4100,active,13.0,2027-11-01,never,False
CONTR0350,CUST0350,VEH0050,SYNTHETIC,2026-01-03,2028-01-04,24,1000,3800,active,15.1,2028-01-04,once,False
CONTR0351,CUST0351,VEH0051,SYNTHETIC,2026-01-17,2027-01-17,12,1800,3750,active,3.5,2027-01-17,never,False
CONTR0352,CUST0352,VEH0052,SYNTHETIC,2025-11-06,2027-11-07,24,800,2950,active,13.2,2027-11-07,once,True
CONTR0353,CUST0353,VEH0053,SYNTHETIC,2027-01-06,2028-01-06,12,3000,2900,active,15.2,2028-01-06,multiple,False
CONTR0354,CUST0354,VEH0054,SYNTHETIC,2023-04-23,2026-04-23,36,1500,3900,ended,0,2026-04-23,multiple,False
CONTR0355,CUST0355,VEH0055,SYNTHETIC,2024-05-06,2027-05-07,36,1200,3100,active,7.2,2027-05-07,never,False
CONTR0356,CUST0356,VEH0056,SYNTHETIC,2024-11-10,2026-11-11,24,1800,3250,active,1.3,2026-11-11,once,True
CONTR0357,CUST0357,VEH0057,SYNTHETIC,2025-10-15,2026-10-15,12,2000,3750,active,0.5,2026-10-15,never,False
CONTR0358,CUST0358,VEH0058,SYNTHETIC,2023-05-11,2026-05-11,36,3000,2800,ended,0,2026-05-11,never,True
CONTR0359,CUST0359,VEH0059,SYNTHETIC,2025-07-18,2026-07-18,12,1800,3350,ended,0,2026-07-18,never,False
CONTR0360,CUST0360,VEH0060,SYNTHETIC,2023-08-02,2026-08-02,36,1800,2900,ended,0,2026-08-02,once,True
CONTR0361,CUST0361,VEH0061,SYNTHETIC,2025-10-17,2027-10-18,24,2000,3650,active,12.5,2027-10-18,multiple,True
CONTR0362,CUST0362,VEH0062,SYNTHETIC,2024-05-24,2026-05-25,24,1200,2850,ended,0,2026-05-25,never,False
CONTR0363,CUST0363,VEH0063,SYNTHETIC,2024-11-30,2027-12-01,36,3000,2700,active,14.0,2027-12-01,multiple,False
CONTR0364,CUST0364,VEH0064,SYNTHETIC,2024-07-26,2027-07-27,36,1000,2600,active,9.8,2027-07-27,never,False
CONTR0365,CUST0365,VEH0065,SYNTHETIC,2024-10-07,2026-10-08,24,2000,2800,active,0.2,2026-10-08,multiple,False
CONTR0366,CUST0366,VEH0066,SYNTHETIC,2025-12-12,2027-12-13,24,1200,3100,active,14.4,2027-12-13,never,False
CONTR0367,CUST0367,VEH0067,SYNTHETIC,2024-05-31,2027-06-01,36,1500,3050,active,8.0,2027-06-01,once,True
CONTR0368,CUST0368,VEH0068,SYNTHETIC,2024-03-19,2027-03-20,36,1500,2500,active,5.6,2027-03-20,once,True
CONTR0369,CUST0369,VEH0069,SYNTHETIC,2023-07-12,2026-07-12,36,3000,2950,ended,0,2026-07-12,once,False
CONTR0370,CUST0370,VEH0070,SYNTHETIC,2025-02-08,2028-02-09,36,800,1950,active,16.3,2028-02-09,never,True
CONTR0371,CUST0371,VEH0071,SYNTHETIC,2024-01-27,2027-01-27,36,2500,2600,active,3.9,2027-01-27,never,True
CONTR0372,CUST0372,VEH0072,SYNTHETIC,2024-03-21,2027-03-22,36,1000,2900,active,5.7,2027-03-22,never,False
CONTR0373,CUST0373,VEH0073,SYNTHETIC,2024-04-05,2027-04-06,36,1000,3150,active,6.1,2027-04-06,multiple,True
CONTR0374,CUST0374,VEH0074,SYNTHETIC,2025-10-13,2027-10-14,24,1500,2750,active,12.4,2027-10-14,once,False
CONTR0375,CUST0375,VEH0075,SYNTHETIC,2023-08-10,2026-08-10,36,1200,2800,ended,0,2026-08-10,never,True
CONTR0376,CUST0376,VEH0076,SYNTHETIC,2027-01-21,2028-01-21,12,2500,4150,active,15.7,2028-01-21,never,False
CONTR0377,CUST0377,VEH0077,SYNTHETIC,2025-10-11,2026-10-11,12,2500,3900,active,0.3,2026-10-11,never,False
CONTR0378,CUST0378,VEH0078,SYNTHETIC,2026-11-06,2027-11-06,12,3000,3900,active,13.2,2027-11-06,multiple,True
CONTR0379,CUST0379,VEH0079,SYNTHETIC,2026-09-21,2027-09-21,12,1000,3000,active,11.7,2027-09-21,once,False
CONTR0380,CUST0380,VEH0080,SYNTHETIC,2026-03-21,2027-03-21,12,800,2900,active,5.6,2027-03-21,never,False
CONTR0381,CUST0381,VEH0081,SYNTHETIC,2026-12-06,2027-12-06,12,1800,4050,active,14.2,2027-12-06,multiple,True
CONTR0382,CUST0382,VEH0082,SYNTHETIC,2024-06-26,2026-06-27,24,1200,3050,ended,0,2026-06-27,never,False
CONTR0383,CUST0383,VEH0083,SYNTHETIC,2026-11-30,2027-11-30,12,1200,3250,active,14.0,2027-11-30,never,False
CONTR0384,CUST0384,VEH0084,SYNTHETIC,2026-12-04,2027-12-04,12,1200,3650,active,14.1,2027-12-04,never,False
CONTR0385,CUST0385,VEH0085,SYNTHETIC,2023-12-30,2026-12-30,36,1000,2950,active,3.0,2026-12-30,never,True
CONTR0386,CUST0386,VEH0086,SYNTHETIC,2024-05-07,2027-05-08,36,3000,3450,active,7.2,2027-05-08,multiple,True
CONTR0387,CUST0387,VEH0087,SYNTHETIC,2023-05-16,2026-05-16,36,1000,3050,ended,0,2026-05-16,multiple,False
CONTR0388,CUST0388,VEH0088,SYNTHETIC,2024-05-08,2027-05-09,36,3000,3350,active,7.2,2027-05-09,once,True
CONTR0389,CUST0389,VEH0089,SYNTHETIC,2024-07-12,2026-07-13,24,1000,2950,ended,0,2026-07-13,never,False
CONTR0390,CUST0390,VEH0090,SYNTHETIC,2025-02-04,2028-02-05,36,1500,2800,active,16.2,2028-02-05,never,True
CONTR0391,CUST0391,VEH0091,SYNTHETIC,2023-10-09,2026-10-09,36,1800,2500,active,0.3,2026-10-09,multiple,False
CONTR0392,CUST0392,VEH0092,SYNTHETIC,2025-06-18,2026-06-18,12,1800,2800,ended,0,2026-06-18,never,False
CONTR0393,CUST0393,VEH0093,SYNTHETIC,2024-10-25,2026-10-26,24,2500,2950,active,0.8,2026-10-26,once,False
CONTR0394,CUST0394,VEH0094,SYNTHETIC,2023-12-25,2026-12-25,36,1000,3000,active,2.8,2026-12-25,never,True
CONTR0395,CUST0395,VEH0095,SYNTHETIC,2023-04-04,2026-04-04,36,800,2500,ended,0,2026-04-04,never,False
CONTR0396,CUST0396,VEH0096,SYNTHETIC,2025-05-21,2027-05-22,24,1000,2900,active,7.7,2027-05-22,once,True
CONTR0397,CUST0397,VEH0097,SYNTHETIC,2025-05-18,2027-05-19,24,800,2000,active,7.6,2027-05-19,never,False
CONTR0398,CUST0398,VEH0098,SYNTHETIC,2023-05-14,2026-05-14,36,2500,2650,ended,0,2026-05-14,once,False
CONTR0399,CUST0399,VEH0099,SYNTHETIC,2025-08-25,2026-08-25,12,800,2850,ended,0,2026-08-25,once,True
CONTR0400,CUST0400,VEH0100,SYNTHETIC,2024-07-07,2027-07-08,36,800,3200,active,9.2,2027-07-08,never,False
CONTR0401,CUST0401,VEH0001,SYNTHETIC,2023-09-03,2026-09-03,36,1500,3150,ended,0,2026-09-03,never,True
CONTR0402,CUST0402,VEH0002,SYNTHETIC,2025-01-27,2028-01-28,36,1200,3400,active,15.9,2028-01-28,never,True
CONTR0403,CUST0403,VEH0003,SYNTHETIC,2025-07-21,2026-07-21,12,1000,3550,ended,0,2026-07-21,never,True
CONTR0404,CUST0404,VEH0004,SYNTHETIC,2027-03-05,2028-03-04,12,1200,2700,active,17.1,2028-03-04,multiple,True
CONTR0405,CUST0405,VEH0005,SYNTHETIC,2024-04-16,2027-04-17,36,1200,3500,active,6.5,2027-04-17,never,True
CONTR0406,CUST0406,VEH0006,SYNTHETIC,2026-08-15,2027-08-15,12,1000,3050,active,10.4,2027-08-15,never,True
CONTR0407,CUST0407,VEH0007,SYNTHETIC,2025-11-01,2026-11-01,12,1200,3650,active,1.0,2026-11-01,multiple,False
CONTR0408,CUST0408,VEH0008,SYNTHETIC,2027-01-06,2028-01-06,12,1800,2850,active,15.2,2028-01-06,multiple,False
CONTR0409,CUST0409,VEH0009,SYNTHETIC,2023-11-14,2026-11-14,36,3000,2800,active,1.4,2026-11-14,once,False
CONTR0410,CUST0410,VEH0010,SYNTHETIC,2027-02-19,2028-02-19,12,800,2600,active,16.6,2028-02-19,never,False
CONTR0411,CUST0411,VEH0011,SYNTHETIC,2023-05-27,2026-05-27,36,1200,2950,ended,0,2026-05-27,once,True
CONTR0412,CUST0412,VEH0012,SYNTHETIC,2027-02-26,2028-02-26,12,2000,3050,active,16.9,2028-02-26,once,True
CONTR0413,CUST0413,VEH0013,SYNTHETIC,2026-07-30,2027-07-30,12,3000,3000,active,9.9,2027-07-30,never,False
CONTR0414,CUST0414,VEH0014,SYNTHETIC,2027-01-11,2028-01-11,12,2000,2500,active,15.3,2028-01-11,multiple,True
CONTR0415,CUST0415,VEH0015,SYNTHETIC,2025-06-05,2027-06-06,24,1200,3000,active,8.1,2027-06-06,multiple,True
CONTR0416,CUST0416,VEH0016,SYNTHETIC,2023-11-25,2026-11-25,36,1000,1950,active,1.8,2026-11-25,never,False
CONTR0417,CUST0417,VEH0017,SYNTHETIC,2025-12-13,2026-12-13,12,2000,2800,active,2.4,2026-12-13,never,True
CONTR0418,CUST0418,VEH0018,SYNTHETIC,2024-09-01,2027-09-02,36,800,2750,active,11.0,2027-09-02,never,False
CONTR0419,CUST0419,VEH0019,SYNTHETIC,2024-05-24,2027-05-25,36,1500,3250,active,7.8,2027-05-25,once,False
CONTR0420,CUST0420,VEH0020,SYNTHETIC,2024-07-17,2027-07-18,36,800,2800,active,9.5,2027-07-18,never,False
CONTR0421,CUST0421,VEH0021,SYNTHETIC,2023-04-05,2026-04-05,36,1000,2950,ended,0,2026-04-05,never,False
CONTR0422,CUST0422,VEH0022,SYNTHETIC,2026-12-30,2027-12-30,12,2000,3950,active,14.9,2027-12-30,never,False
CONTR0423,CUST0423,VEH0023,SYNTHETIC,2024-10-27,2027-10-28,36,1000,3800,active,12.9,2027-10-28,once,True
CONTR0424,CUST0424,VEH0024,SYNTHETIC,2026-02-26,2027-02-26,12,2000,3700,active,4.9,2027-02-26,multiple,False
CONTR0425,CUST0425,VEH0025,SYNTHETIC,2024-09-29,2027-09-30,36,1800,2950,active,12.0,2027-09-30,never,False
CONTR0426,CUST0426,VEH0026,SYNTHETIC,2026-01-24,2027-01-24,12,1000,2750,active,3.8,2027-01-24,never,True
CONTR0427,CUST0427,VEH0027,SYNTHETIC,2026-03-02,2028-03-02,24,1200,3750,active,17.0,2028-03-02,never,False
CONTR0428,CUST0428,VEH0028,SYNTHETIC,2024-03-12,2027-03-13,36,2500,3150,active,5.4,2027-03-13,multiple,False
CONTR0429,CUST0429,VEH0029,SYNTHETIC,2025-12-26,2026-12-26,12,1500,3500,active,2.8,2026-12-26,never,False
CONTR0430,CUST0430,VEH0030,SYNTHETIC,2024-01-21,2027-01-21,36,1200,3800,active,3.7,2027-01-21,once,True
CONTR0431,CUST0431,VEH0031,SYNTHETIC,2024-10-08,2026-10-09,24,1500,2850,active,0.3,2026-10-09,never,False
CONTR0432,CUST0432,VEH0032,SYNTHETIC,2026-05-23,2027-05-23,12,3000,3300,active,7.7,2027-05-23,once,False
CONTR0433,CUST0433,VEH0033,SYNTHETIC,2024-01-31,2027-01-31,36,3000,2900,active,4.0,2027-01-31,multiple,True
CONTR0434,CUST0434,VEH0034,SYNTHETIC,2024-10-19,2027-10-20,36,1000,3600,active,12.6,2027-10-20,multiple,True
CONTR0435,CUST0435,VEH0035,SYNTHETIC,2023-11-17,2026-11-17,36,1800,2850,active,1.5,2026-11-17,once,True
CONTR0436,CUST0436,VEH0036,SYNTHETIC,2025-02-22,2027-02-23,24,800,2850,active,4.8,2027-02-23,multiple,False
CONTR0437,CUST0437,VEH0037,SYNTHETIC,2025-07-03,2027-07-04,24,1000,2650,active,9.1,2027-07-04,once,False
CONTR0438,CUST0438,VEH0038,SYNTHETIC,2024-12-06,2027-12-07,36,1000,2900,active,14.2,2027-12-07,once,True
CONTR0439,CUST0439,VEH0039,SYNTHETIC,2026-05-28,2027-05-28,12,1800,3000,active,7.9,2027-05-28,never,True
CONTR0440,CUST0440,VEH0040,SYNTHETIC,2024-08-18,2027-08-19,36,800,2950,active,10.6,2027-08-19,multiple,False
CONTR0441,CUST0441,VEH0041,SYNTHETIC,2025-01-14,2028-01-15,36,3000,2500,active,15.5,2028-01-15,never,False
CONTR0442,CUST0442,VEH0042,SYNTHETIC,2024-06-10,2026-06-11,24,2000,2800,ended,0,2026-06-11,never,False
CONTR0443,CUST0443,VEH0043,SYNTHETIC,2026-11-20,2027-11-20,12,800,2000,active,13.6,2027-11-20,once,False
CONTR0444,CUST0444,VEH0044,SYNTHETIC,2024-05-22,2026-05-23,24,1800,2650,ended,0,2026-05-23,multiple,True
CONTR0445,CUST0445,VEH0045,SYNTHETIC,2024-02-06,2027-02-06,36,1800,2800,active,4.2,2027-02-06,multiple,True
CONTR0446,CUST0446,VEH0046,SYNTHETIC,2025-05-29,2027-05-30,24,2000,3300,active,7.9,2027-05-30,once,True
CONTR0447,CUST0447,VEH0047,SYNTHETIC,2024-06-20,2026-06-21,24,1000,2800,ended,0,2026-06-21,once,True
CONTR0448,CUST0448,VEH0048,SYNTHETIC,2024-02-09,2027-02-09,36,800,2850,active,4.3,2027-02-09,never,True
CONTR0449,CUST0449,VEH0049,SYNTHETIC,2024-07-26,2026-07-27,24,1000,4100,ended,0,2026-07-27,never,False
CONTR0450,CUST0450,VEH0050,SYNTHETIC,2025-12-19,2026-12-19,12,800,3800,active,2.6,2026-12-19,never,False
CONTR0451,CUST0451,VEH0051,SYNTHETIC,2024-03-28,2027-03-29,36,800,3750,active,5.9,2027-03-29,never,True
CONTR0452,CUST0452,VEH0052,SYNTHETIC,2023-06-12,2026-06-12,36,1000,2950,ended,0,2026-06-12,never,True
CONTR0453,CUST0453,VEH0053,SYNTHETIC,2024-08-02,2027-08-03,36,2000,2900,active,10.1,2027-08-03,once,False
CONTR0454,CUST0454,VEH0054,SYNTHETIC,2026-05-26,2027-05-26,12,1000,3900,active,7.8,2027-05-26,multiple,True
CONTR0455,CUST0455,VEH0055,SYNTHETIC,2023-05-15,2026-05-15,36,1000,3100,ended,0,2026-05-15,multiple,False
CONTR0456,CUST0456,VEH0056,SYNTHETIC,2024-05-25,2027-05-26,36,1800,3250,active,7.8,2027-05-26,never,True
CONTR0457,CUST0457,VEH0057,SYNTHETIC,2025-09-20,2027-09-21,24,1000,3750,active,11.7,2027-09-21,never,True
CONTR0458,CUST0458,VEH0058,SYNTHETIC,2026-03-16,2027-03-16,12,1500,2800,active,5.5,2027-03-16,never,True
CONTR0459,CUST0459,VEH0059,SYNTHETIC,2025-04-02,2027-04-03,24,3000,3350,active,6.0,2027-04-03,never,False
CONTR0460,CUST0460,VEH0060,SYNTHETIC,2027-01-07,2028-01-07,12,1200,2900,active,15.2,2028-01-07,never,True
CONTR0461,CUST0461,VEH0061,SYNTHETIC,2024-03-03,2027-03-04,36,1200,3650,active,5.1,2027-03-04,multiple,True
CONTR0462,CUST0462,VEH0062,SYNTHETIC,2025-08-18,2027-08-19,24,1800,2850,active,10.6,2027-08-19,multiple,True
CONTR0463,CUST0463,VEH0063,SYNTHETIC,2025-05-07,2026-05-07,12,1200,2700,ended,0,2026-05-07,multiple,True
CONTR0464,CUST0464,VEH0064,SYNTHETIC,2024-10-07,2027-10-08,36,3000,2600,active,12.2,2027-10-08,never,True
CONTR0465,CUST0465,VEH0065,SYNTHETIC,2024-06-04,2026-06-05,24,800,2800,ended,0,2026-06-05,never,True
CONTR0466,CUST0466,VEH0066,SYNTHETIC,2025-03-22,2027-03-23,24,2000,3100,active,5.7,2027-03-23,never,False
CONTR0467,CUST0467,VEH0067,SYNTHETIC,2026-02-10,2027-02-10,12,1000,3050,active,4.3,2027-02-10,multiple,True
CONTR0468,CUST0468,VEH0068,SYNTHETIC,2026-07-28,2027-07-28,12,800,2500,active,9.9,2027-07-28,multiple,False
CONTR0469,CUST0469,VEH0069,SYNTHETIC,2025-08-30,2027-08-31,24,2000,2950,active,11.0,2027-08-31,once,False
CONTR0470,CUST0470,VEH0070,SYNTHETIC,2024-05-21,2026-05-22,24,1800,1950,ended,0,2026-05-22,never,True
CONTR0471,CUST0471,VEH0071,SYNTHETIC,2026-11-05,2027-11-05,12,3000,2600,active,13.1,2027-11-05,never,True
CONTR0472,CUST0472,VEH0072,SYNTHETIC,2024-02-18,2027-02-18,36,1500,2900,active,4.6,2027-02-18,never,False
CONTR0473,CUST0473,VEH0073,SYNTHETIC,2024-09-13,2027-09-14,36,1200,3150,active,11.4,2027-09-14,never,True
CONTR0474,CUST0474,VEH0074,SYNTHETIC,2025-01-04,2028-01-05,36,800,2750,active,15.1,2028-01-05,once,False
CONTR0475,CUST0475,VEH0075,SYNTHETIC,2024-06-07,2026-06-08,24,1500,2800,ended,0,2026-06-08,never,False
CONTR0476,CUST0476,VEH0076,SYNTHETIC,2025-10-17,2026-10-17,12,800,4150,active,0.5,2026-10-17,once,False
CONTR0477,CUST0477,VEH0077,SYNTHETIC,2024-08-20,2026-08-21,24,800,3900,ended,0,2026-08-21,multiple,False
CONTR0478,CUST0478,VEH0078,SYNTHETIC,2025-06-28,2026-06-28,12,2000,3900,ended,0,2026-06-28,multiple,True
CONTR0479,CUST0479,VEH0079,SYNTHETIC,2024-08-28,2027-08-29,36,1000,3000,active,10.9,2027-08-29,multiple,False
CONTR0480,CUST0480,VEH0080,SYNTHETIC,2023-12-01,2026-12-01,36,2500,2900,active,2.0,2026-12-01,once,True
CONTR0481,CUST0481,VEH0081,SYNTHETIC,2024-04-21,2027-04-22,36,1000,4050,active,6.7,2027-04-22,multiple,False
CONTR0482,CUST0482,VEH0082,SYNTHETIC,2024-04-14,2027-04-15,36,1800,3050,active,6.4,2027-04-15,never,True
CONTR0483,CUST0483,VEH0083,SYNTHETIC,2025-02-13,2027-02-14,24,2000,3250,active,4.5,2027-02-14,never,True
CONTR0484,CUST0484,VEH0084,SYNTHETIC,2026-02-02,2027-02-02,12,1500,3650,active,4.1,2027-02-02,once,False
CONTR0485,CUST0485,VEH0085,SYNTHETIC,2024-05-30,2027-05-31,36,2000,2950,active,8.0,2027-05-31,never,True
CONTR0486,CUST0486,VEH0086,SYNTHETIC,2023-05-02,2026-05-02,36,800,3450,ended,0,2026-05-02,once,False
CONTR0487,CUST0487,VEH0087,SYNTHETIC,2025-12-15,2026-12-15,12,1200,3050,active,2.5,2026-12-15,never,False
CONTR0488,CUST0488,VEH0088,SYNTHETIC,2026-06-02,2027-06-02,12,2000,3350,active,8.0,2027-06-02,once,False
CONTR0489,CUST0489,VEH0089,SYNTHETIC,2024-10-23,2026-10-24,24,1800,2950,active,0.8,2026-10-24,once,True
CONTR0490,CUST0490,VEH0090,SYNTHETIC,2025-04-18,2026-04-18,12,2500,2800,ended,0,2026-04-18,never,False
CONTR0491,CUST0491,VEH0091,SYNTHETIC,2025-04-29,2027-04-30,24,1200,2500,active,6.9,2027-04-30,never,True
CONTR0492,CUST0492,VEH0092,SYNTHETIC,2026-01-26,2027-01-26,12,1800,2800,active,3.8,2027-01-26,once,False
CONTR0493,CUST0493,VEH0093,SYNTHETIC,2025-05-15,2027-05-16,24,1500,2950,active,7.5,2027-05-16,never,False
CONTR0494,CUST0494,VEH0094,SYNTHETIC,2025-03-31,2027-04-01,24,800,3000,active,6.0,2027-04-01,never,False
CONTR0495,CUST0495,VEH0095,SYNTHETIC,2026-11-19,2027-11-19,12,1200,2500,active,13.6,2027-11-19,multiple,True
CONTR0496,CUST0496,VEH0096,SYNTHETIC,2024-07-31,2026-08-01,24,2000,2900,ended,0,2026-08-01,never,True
CONTR0497,CUST0497,VEH0097,SYNTHETIC,2025-06-23,2027-06-24,24,1200,2000,active,8.7,2027-06-24,multiple,False
CONTR0498,CUST0498,VEH0098,SYNTHETIC,2025-05-10,2026-05-10,12,3000,2650,ended,0,2026-05-10,multiple,True
CONTR0499,CUST0499,VEH0099,SYNTHETIC,2025-10-29,2027-10-30,24,3000,2850,active,12.9,2027-10-30,never,False
CONTR0500,CUST0500,VEH0100,SYNTHETIC,2024-09-05,2027-09-06,36,1800,3200,active,11.2,2027-09-06,once,True
