dataset,column,type,unit,origin,description
clients,customer_id,string,—,SYNTHETIC,Synthetic field generated for prototype simulation.
clients,data_origin,string,—,SYNTHETIC,Synthetic field generated for prototype simulation.
clients,age,integer,—,SYNTHETIC,Synthetic field generated for prototype simulation.
clients,profile,string,—,SYNTHETIC,Synthetic field generated for prototype simulation.
clients,city,string,—,SYNTHETIC,Synthetic field generated for prototype simulation.
clients,state,string,—,SYNTHETIC,Synthetic field generated for prototype simulation.
clients,region,string,—,SYNTHETIC,Synthetic field generated for prototype simulation.
clients,home_lat_approx,decimal,—,SYNTHETIC,Synthetic field generated for prototype simulation.
clients,home_lon_approx,decimal,—,SYNTHETIC,Synthetic field generated for prototype simulation.
clients,preferred_channel,string,—,SYNTHETIC,Synthetic field generated for prototype simulation.
clients,consent_location,boolean,—,SYNTHETIC,Synthetic field generated for prototype simulation.
clients,consent_personalization,boolean,—,SYNTHETIC,Synthetic field generated for prototype simulation.
clients,app_engagement_segment,string,—,SYNTHETIC,Synthetic field generated for prototype simulation.
vehicles,vehicle_id,string,—,SYNTHETIC,Synthetic field generated for prototype simulation.
vehicles,data_origin,string,—,SYNTHETIC,Synthetic field generated for prototype simulation.
vehicles,make,string,—,SYNTHETIC,Synthetic field generated for prototype simulation.
vehicles,model,string,—,SYNTHETIC,Synthetic field generated for prototype simulation.
vehicles,version,string,—,SYNTHETIC,Synthetic field generated for prototype simulation.
vehicles,year,integer,—,SYNTHETIC,Synthetic field generated for prototype simulation.
vehicles,category,string,—,SYNTHETIC,Synthetic field generated for prototype simulation.
vehicles,powertrain,string,—,SYNTHETIC,Synthetic field generated for prototype simulation.
vehicles,fuel_type,string,—,SYNTHETIC,Synthetic field generated for prototype simulation.
vehicles,power_hp,decimal,hp,SYNTHETIC,Synthetic field generated for prototype simulation.
vehicles,avg_consumption,decimal,km/l ou kWh/100km,SYNTHETIC,Synthetic field generated for prototype simulation.
vehicles,consumption_unit,string,—,SYNTHETIC,Synthetic field generated for prototype simulation.
vehicles,estimated_range_km,integer,km,SYNTHETIC,Synthetic field generated for prototype simulation.
vehicles,tank_capacity_l,decimal,L,SYNTHETIC,Synthetic field generated for prototype simulation.
vehicles,battery_capacity_kwh,decimal,kWh,SYNTHETIC,Synthetic field generated for prototype simulation.
vehicles,passengers,integer,—,SYNTHETIC,Synthetic field generated for prototype simulation.
vehicles,trunk_l,integer,—,SYNTHETIC,Synthetic field generated for prototype simulation.
vehicles,transmission,string,—,SYNTHETIC,Synthetic field generated for prototype simulation.
vehicles,price_approx_brl,integer,BRL,SYNTHETIC,Synthetic field generated for prototype simulation.
vehicles,length_mm,integer,mm,SYNTHETIC,Synthetic field generated for prototype simulation.
vehicles,width_mm,integer,mm,SYNTHETIC,Synthetic field generated for prototype simulation.
vehicles,height_mm,integer,mm,SYNTHETIC,Synthetic field generated for prototype simulation.
vehicles,weight_kg,integer,kg,SYNTHETIC,Synthetic field generated for prototype simulation.
vehicles,mobility_archetype,string,—,SYNTHETIC,Synthetic field generated for prototype simulation.
vehicles,typical_daily_km,decimal,km/dia,SYNTHETIC,Synthetic field generated for prototype simulation.
vehicles,spec_source_note,string,—,SYNTHETIC,Synthetic field generated for prototype simulation.
contracts,contract_id,string,—,SYNTHETIC,Synthetic field generated for prototype simulation.
contracts,customer_id,string,—,SYNTHETIC,Synthetic field generated for prototype simulation.
contracts,vehicle_id,string,—,SYNTHETIC,Synthetic field generated for prototype simulation.
contracts,data_origin,string,—,SYNTHETIC,Synthetic field generated for prototype simulation.
contracts,start_date,string,—,SYNTHETIC,Synthetic field generated for prototype simulation.
contracts,end_date,string,—,SYNTHETIC,Synthetic field generated for prototype simulation.
contracts,duration_months,integer,—,SYNTHETIC,Synthetic field generated for prototype simulation.
contracts,monthly_km_allowance,integer,km/mês,SYNTHETIC,Synthetic field generated for prototype simulation.
contracts,monthly_fee_brl,integer,—,SYNTHETIC,Synthetic field generated for prototype simulation.
contracts,status,string,—,SYNTHETIC,Synthetic field generated for prototype simulation.
contracts,months_remaining,decimal,—,SYNTHETIC,Synthetic field generated for prototype simulation.
contracts,renewal_date,string,—,SYNTHETIC,Synthetic field generated for prototype simulation.
contracts,renewal_history,string,—,SYNTHETIC,Synthetic field generated for prototype simulation.
contracts,auto_renew_preference,boolean,—,SYNTHETIC,Synthetic field generated for prototype simulation.
telemetry,telemetry_id,string,—,SYNTHETIC,Synthetic field generated for prototype simulation.
telemetry,customer_id,string,—,SYNTHETIC,Synthetic field generated for prototype simulation.
telemetry,vehicle_id,string,—,SYNTHETIC,Synthetic field generated for prototype simulation.
telemetry,contract_id,string,—,SYNTHETIC,Synthetic field generated for prototype simulation.
telemetry,timestamp,string,—,SYNTHETIC,Synthetic field generated for prototype simulation.
telemetry,data_origin,string,—,SYNTHETIC,Synthetic field generated for prototype simulation.
telemetry,odometer_km,integer,km,SYNTHETIC,Synthetic field generated for prototype simulation.
telemetry,km_used_month,integer,km/mês,SYNTHETIC,Synthetic field generated for prototype simulation.
telemetry,monthly_km_allowance,integer,km/mês,SYNTHETIC,Synthetic field generated for prototype simulation.
telemetry,km_available,integer,km,SYNTHETIC,Synthetic field generated for prototype simulation.
telemetry,franchise_utilization_pct,decimal,%,SYNTHETIC,Synthetic field generated for prototype simulation.
telemetry,avg_speed_kmh,decimal,km/h,SYNTHETIC,Synthetic field generated for prototype simulation.
telemetry,avg_trip_distance_km,decimal,km,SYNTHETIC,Synthetic field generated for prototype simulation.
telemetry,trip_count_30d,integer,viagens/30d,SYNTHETIC,Synthetic field generated for prototype simulation.
telemetry,avg_trip_duration_min,decimal,min,SYNTHETIC,Synthetic field generated for prototype simulation.
telemetry,fuel_consumed_l,decimal,L,SYNTHETIC,Synthetic field generated for prototype simulation.
telemetry,fuel_level_pct,integer,%,SYNTHETIC,Synthetic field generated for prototype simulation.
telemetry,battery_level_pct,integer,%,SYNTHETIC,Synthetic field generated for prototype simulation.
telemetry,estimated_range_km,integer,km,SYNTHETIC,Synthetic field generated for prototype simulation.
telemetry,charge_count_30d,integer,—,SYNTHETIC,Synthetic field generated for prototype simulation.
telemetry,lat_approx,decimal,—,SYNTHETIC,Synthetic field generated for prototype simulation.
telemetry,lon_approx,decimal,—,SYNTHETIC,Synthetic field generated for prototype simulation.
telemetry,city_region,string,—,SYNTHETIC,Synthetic field generated for prototype simulation.
telemetry,vehicle_status,string,—,SYNTHETIC,Synthetic field generated for prototype simulation.
telemetry,alert_type,string,—,SYNTHETIC,Synthetic field generated for prototype simulation.
telemetry,maintenance_km_remaining,integer,km,SYNTHETIC,Synthetic field generated for prototype simulation.
telemetry,usage_vs_allowance_pct,decimal,—,SYNTHETIC,Synthetic field generated for prototype simulation.
trips,trip_id,string,—,SYNTHETIC,Synthetic field generated for prototype simulation.
trips,customer_id,string,—,SYNTHETIC,Synthetic field generated for prototype simulation.
trips,vehicle_id,string,—,SYNTHETIC,Synthetic field generated for prototype simulation.
trips,data_origin,string,—,SYNTHETIC,Synthetic field generated for prototype simulation.
trips,trip_date,string,—,SYNTHETIC,Synthetic field generated for prototype simulation.
trips,day_of_week,string,—,SYNTHETIC,Synthetic field generated for prototype simulation.
trips,start_time,string,—,SYNTHETIC,Synthetic field generated for prototype simulation.
trips,origin_city,string,—,SYNTHETIC,Synthetic field generated for prototype simulation.
trips,destination_city,string,—,SYNTHETIC,Synthetic field generated for prototype simulation.
trips,origin_region,string,—,SYNTHETIC,Synthetic field generated for prototype simulation.
trips,destination_region,string,—,SYNTHETIC,Synthetic field generated for prototype simulation.
trips,distance_km,decimal,—,SYNTHETIC,Synthetic field generated for prototype simulation.
trips,duration_min,decimal,—,SYNTHETIC,Synthetic field generated for prototype simulation.
trips,purpose,string,—,SYNTHETIC,Synthetic field generated for prototype simulation.
trips,route_type,string,—,SYNTHETIC,Synthetic field generated for prototype simulation.
trips,recurring_route,boolean,—,SYNTHETIC,Synthetic field generated for prototype simulation.
trips,long_trip_flag,boolean,—,SYNTHETIC,Synthetic field generated for prototype simulation.
maintenance,maintenance_id,string,—,SYNTHETIC,Synthetic field generated for prototype simulation.
maintenance,customer_id,string,—,SYNTHETIC,Synthetic field generated for prototype simulation.
maintenance,vehicle_id,string,—,SYNTHETIC,Synthetic field generated for prototype simulation.
maintenance,contract_id,string,—,SYNTHETIC,Synthetic field generated for prototype simulation.
maintenance,data_origin,string,—,SYNTHETIC,Synthetic field generated for prototype simulation.
maintenance,maintenance_type,string,—,SYNTHETIC,Synthetic field generated for prototype simulation.
maintenance,maintenance_class,string,—,SYNTHETIC,Synthetic field generated for prototype simulation.
maintenance,event_date,string,—,SYNTHETIC,Synthetic field generated for prototype simulation.
maintenance,odometer_km,integer,km,SYNTHETIC,Synthetic field generated for prototype simulation.
maintenance,next_maintenance_km,integer,km,SYNTHETIC,Synthetic field generated for prototype simulation.
maintenance,km_remaining,integer,—,SYNTHETIC,Synthetic field generated for prototype simulation.
maintenance,workshop_name,string,—,SYNTHETIC,Synthetic field generated for prototype simulation.
maintenance,estimated_cost_brl,decimal,BRL,SYNTHETIC,Synthetic field generated for prototype simulation.
maintenance,duration_hours,decimal,—,SYNTHETIC,Synthetic field generated for prototype simulation.
maintenance,status,string,—,SYNTHETIC,Synthetic field generated for prototype simulation.
maintenance,tire_status,string,—,SYNTHETIC,Synthetic field generated for prototype simulation.
maintenance,oil_status,string,—,SYNTHETIC,Synthetic field generated for prototype simulation.
maintenance,battery_status,string,—,SYNTHETIC,Synthetic field generated for prototype simulation.
maintenance,brake_status,string,—,SYNTHETIC,Synthetic field generated for prototype simulation.
app_events,event_id,string,—,SYNTHETIC,Synthetic field generated for prototype simulation.
app_events,customer_id,string,—,SYNTHETIC,Synthetic field generated for prototype simulation.
app_events,data_origin,string,—,SYNTHETIC,Synthetic field generated for prototype simulation.
app_events,event_date,string,—,SYNTHETIC,Synthetic field generated for prototype simulation.
app_events,session_id,string,—,SYNTHETIC,Synthetic field generated for prototype simulation.
app_events,feature,string,—,SYNTHETIC,Synthetic field generated for prototype simulation.
app_events,session_duration_sec,integer,s,SYNTHETIC,Synthetic field generated for prototype simulation.
app_events,app_access_count_30d,integer,acessos/30d,SYNTHETIC,Synthetic field generated for prototype simulation.
app_events,notification_received,boolean,—,SYNTHETIC,Synthetic field generated for prototype simulation.
app_events,notification_opened,boolean,—,SYNTHETIC,Synthetic field generated for prototype simulation.
app_events,action,string,—,SYNTHETIC,Synthetic field generated for prototype simulation.
app_events,maintenance_scheduled,boolean,—,SYNTHETIC,Synthetic field generated for prototype simulation.
app_events,payment_completed,boolean,—,SYNTHETIC,Synthetic field generated for prototype simulation.
app_events,benefit_viewed,boolean,—,SYNTHETIC,Synthetic field generated for prototype simulation.
app_events,benefit_redeemed,boolean,—,SYNTHETIC,Synthetic field generated for prototype simulation.
app_events,support_contacted,boolean,—,SYNTHETIC,Synthetic field generated for prototype simulation.
context_events,context_event_id,string,—,SYNTHETIC,Synthetic field generated for prototype simulation.
context_events,customer_id,string,—,SYNTHETIC,Synthetic field generated for prototype simulation.
context_events,vehicle_id,string,—,SYNTHETIC,Synthetic field generated for prototype simulation.
context_events,contract_id,string,—,SYNTHETIC,Synthetic field generated for prototype simulation.
context_events,data_origin,string,—,SYNTHETIC,Synthetic field generated for prototype simulation.
context_events,timestamp,string,—,SYNTHETIC,Synthetic field generated for prototype simulation.
context_events,hour,integer,—,SYNTHETIC,Synthetic field generated for prototype simulation.
context_events,day_of_week,string,—,SYNTHETIC,Synthetic field generated for prototype simulation.
context_events,city,string,—,SYNTHETIC,Synthetic field generated for prototype simulation.
context_events,region,string,—,SYNTHETIC,Synthetic field generated for prototype simulation.
context_events,km_used_month,integer,km/mês,SYNTHETIC,Synthetic field generated for prototype simulation.
context_events,km_remaining,integer,—,SYNTHETIC,Synthetic field generated for prototype simulation.
context_events,franchise_utilization_pct,decimal,%,SYNTHETIC,Synthetic field generated for prototype simulation.
context_events,maintenance_km_remaining,integer,km,SYNTHETIC,Synthetic field generated for prototype simulation.
context_events,maintenance_soon,boolean,—,SYNTHETIC,Synthetic field generated for prototype simulation.
context_events,contract_days_to_renewal,integer,—,SYNTHETIC,Synthetic field generated for prototype simulation.
context_events,contract_renewal_soon,boolean,—,SYNTHETIC,Synthetic field generated for prototype simulation.
context_events,benefit_available,boolean,—,SYNTHETIC,Synthetic field generated for prototype simulation.
context_events,long_trip_pattern,boolean,—,SYNTHETIC,Synthetic field generated for prototype simulation.
context_events,fuel_level_pct,integer,%,SYNTHETIC,Synthetic field generated for prototype simulation.
context_events,battery_level_pct,integer,%,SYNTHETIC,Synthetic field generated for prototype simulation.
context_events,low_energy,boolean,—,SYNTHETIC,Synthetic field generated for prototype simulation.
context_events,support_need_signal,boolean,—,SYNTHETIC,Synthetic field generated for prototype simulation.
context_events,usage_segment,string,—,SYNTHETIC,Synthetic field generated for prototype simulation.
context_events,context_priority,string,—,SYNTHETIC,Synthetic field generated for prototype simulation.
recommendations,recommendation_id,string,—,SYNTHETIC,Synthetic field generated for prototype simulation.
recommendations,customer_id,string,—,SYNTHETIC,Synthetic field generated for prototype simulation.
recommendations,vehicle_id,string,—,SYNTHETIC,Synthetic field generated for prototype simulation.
recommendations,contract_id,string,—,SYNTHETIC,Synthetic field generated for prototype simulation.
recommendations,context_event_id,string,—,SYNTHETIC,Synthetic field generated for prototype simulation.
recommendations,data_origin,string,—,SYNTHETIC,Synthetic field generated for prototype simulation.
recommendations,generated_at,string,—,SYNTHETIC,Synthetic field generated for prototype simulation.
recommendations,recommendation_type,string,—,SYNTHETIC,Synthetic field generated for prototype simulation.
recommendations,context_signal,string,—,SYNTHETIC,Synthetic field generated for prototype simulation.
recommendations,need,string,—,SYNTHETIC,Synthetic field generated for prototype simulation.
recommendations,recommendation_text,string,—,SYNTHETIC,Synthetic field generated for prototype simulation.
recommendations,action_label,string,—,SYNTHETIC,Synthetic field generated for prototype simulation.
recommendations,action_code,string,—,SYNTHETIC,Synthetic field generated for prototype simulation.
recommendations,channel,string,—,SYNTHETIC,Synthetic field generated for prototype simulation.
recommendations,context_score,decimal,0–1,SYNTHETIC,Synthetic field generated for prototype simulation.
recommendations,status,string,—,SYNTHETIC,Synthetic field generated for prototype simulation.
recommendations,action_taken,boolean,—,SYNTHETIC,Synthetic field generated for prototype simulation.
recommendations,outcome,string,—,SYNTHETIC,Synthetic field generated for prototype simulation.
recommendations,model_type,string,—,SYNTHETIC,Synthetic field generated for prototype simulation.
recommendations,explanation,string,—,SYNTHETIC,Synthetic field generated for prototype simulation.
