scenario_id,customer_id,profile,city,vehicle_id,vehicle,context,need,recommendation,action,value,origin
SC01,CUST0219,frequent_traveler,Recife,VEH0019,Fiat Toro,KM 172.6% | manutenção 103 km | renovação 355 dias | combustível 77% | bateria %,Manutenção preventiva,Sua revisão está próxima.,Agendar revisão,Evita descoberta tardia de manutenção,SYNTHETIC / prototype scenario
SC02,CUST0022,family,Recife,VEH0022,BYD Song Plus,KM 85.1% | manutenção 4000 km | renovação 256 dias | combustível 70% | bateria %,Ritmo elevado de quilometragem,Você já utilizou grande parte da franquia mensal.,Ver meu uso,Mais previsibilidade sobre franquia,SYNTHETIC / prototype scenario
SC03,CUST0156,family,Salvador,VEH0056,Toyota Corolla Cross,KM 112.5% | manutenção 1000 km | renovação 1 dias | combustível 26% | bateria %,Renovação próxima,Seu contrato está entrando na janela de renovação.,Revisar preferências,Planejamento sem abordagem abrupta,SYNTHETIC / prototype scenario
SC04,CUST0195,frequent_traveler,Porto Alegre,VEH0095,Chevrolet Onix,KM 144.3% | manutenção 360 km | renovação 0 dias | combustível 15% | bateria %,Baixa energia,Seu nível de combustível está baixo para seu padrão recente.,Planejar abastecimento,Menor risco de fricção,SYNTHETIC / prototype scenario
SC05,CUST0007,urban_commuter,Rio de Janeiro,VEH0007,Jeep Compass,KM 98.3% | manutenção 2500 km | renovação 452 dias | combustível 73% | bateria %,Viagem longa recorrente,Você costuma fazer viagens longas. Quer preparar a próxima?,Preparar viagem,Planejamento contextual,SYNTHETIC / prototype scenario
SC06,CUST0001,weekend,Salvador,VEH0001,Toyota Corolla,KM 66.3% | manutenção 350 km | renovação 487 dias | combustível 79% | bateria %,Benefício contextual,Encontramos um benefício que combina com sua rotina.,Ver benefício,Aumenta relevância dos benefícios,SYNTHETIC / prototype scenario
SC07,CUST0067,low_use,Fortaleza,VEH0067,Chevrolet Tracker,KM 25.9% | manutenção 1500 km | renovação 0 dias | combustível 65% | bateria %,Baixo uso,Seu carro teve pouco uso neste período.,Ver mobilidade,Ajuda a entender uso do contrato,SYNTHETIC / prototype scenario
SC08,CUST0004,urban_commuter,Porto Alegre,VEH0004,Honda City,KM 83.6% | manutenção 350 km | renovação 416 dias | combustível 34% | bateria %,Possível necessidade de suporte,Posso ajudar a resolver uma pendência recente.,Abrir suporte,Reduz esforço de resolução,SYNTHETIC / prototype scenario
SC09,CUST0006,business,Fortaleza,VEH0006,Jeep Renegade,KM 111.9% | manutenção 350 km | renovação 317 dias | combustível 65% | bateria %,Quilometragem alta + manutenção próxima,Seu uso está alto e a revisão está próxima.,Agendar revisão,Combina sinais para antecipar uma ação,SYNTHETIC / prototype scenario
SC10,CUST0121,urban_commuter,Curitiba,VEH0021,BYD Dolphin,KM 65.1% | manutenção 350 km | renovação 460 dias | combustível % | bateria 26%,Veículo elétrico + bateria baixa,Sua autonomia está mais baixa que o habitual.,Planejar recarga,Antecipação energética,SYNTHETIC / prototype scenario
